Brand,Model,Year Range,Engine Type,Target Min Price,Target Max Price,Regular Search Prices (Low to High),Regular Search URL,Relevance Search Prices,Relevance Search URL,Flexicar Search Prices,Flexicar Search URL,Timestamp
Volkswagen,Golf 5,2006/2008,Diésel,3000.0,4000.0,"[2500.0, 3000.0, 3800.0, 4000.0, 4000.0, 4500.0, 4500.0, 4500.0, 4800.0, 4900.0]",https://es.wallapop.com/app/search?keywords=Golf%205&brand=Volkswagen&latitude=41.224151&longitude=1.7255678&category_ids=100&distance=200000&min_year=2006&max_year=2008&max_km=200000&engine=gasoil&min_sale_price=2450&order_by=price_low_to_high,"[4500.0, 5000.0, 4500.0, 7999.0, 6900.0, 5500.0, 6300.0, 9900.0, 6900.0, 6300.0]",https://es.wallapop.com/app/search?keywords=Golf%205&brand=Volkswagen&latitude=41.224151&longitude=1.7255678&category_ids=100&distance=200000&min_year=2006&max_year=2008&max_km=200000&engine=gasoil&order_by=most_relevance,,,2025-01-11T11:30:32.509774
Volkswagen,Golf 6,2008/2013,Diésel,5000.0,6500.0,"[5000.0, 5000.0, 5200.0, 5400.0, 5490.0, 5500.0, 5500.0, 5900.0, 6000.0, 6000.0]",https://es.wallapop.com/app/search?keywords=Golf%206&brand=Volkswagen&latitude=41.224151&longitude=1.7255678&category_ids=100&distance=200000&min_year=2008&max_year=2013&max_km=200000&engine=gasoil&min_sale_price=4024&order_by=price_low_to_high,"[8900.0, 8600.0, 10000.0, 6480.0, 9500.0, 13850.0, 10000.0, 10950.0, 8990.0, 7599.0]",https://es.wallapop.com/app/search?keywords=Golf%206&brand=Volkswagen&latitude=41.224151&longitude=1.7255678&category_ids=100&distance=200000&min_year=2008&max_year=2013&max_km=200000&engine=gasoil&order_by=most_relevance,[7470.0],https://es.wallapop.com/app/search?keywords=Golf%206%20flexicar&brand=Volkswagen&latitude=41.224151&longitude=1.7255678&category_ids=100&distance=200000&min_year=2008&max_year=2013&max_km=200000&engine=gasoil,2025-01-11T11:30:59.920630
Volkswagen,Golf 6,2008/2013,Gasolina,4500.0,6000.0,"[4000.0, 4500.0, 4500.0, 4500.0, 4990.0, 5000.0, 5000.0, 5400.0, 5800.0, 5800.0]",https://es.wallapop.com/app/search?keywords=Golf%206&brand=Volkswagen&latitude=41.224151&longitude=1.7255678&category_ids=100&distance=200000&min_year=2008&max_year=2013&max_km=200000&engine=gasoline&min_sale_price=3674&order_by=price_low_to_high,"[11500.0, 9000.0, 17499.0, 6500.0, 13990.0, 5800.0, 6500.0, 9900.0, 16800.0, 12900.0]",https://es.wallapop.com/app/search?keywords=Golf%206&brand=Volkswagen&latitude=41.224151&longitude=1.7255678&category_ids=100&distance=200000&min_year=2008&max_year=2013&max_km=200000&engine=gasoline&order_by=most_relevance,,,2025-01-11T11:31:29.860338
Volkswagen,Golf 7,2012/2016,Diésel,9000.0,12000.0,"[7470.0, 7650.0, 8700.0, 9499.0, 9600.0, 9750.0, 9900.0, 10000.0, 10000.0, 10000.0]",https://es.wallapop.com/app/search?keywords=Golf%207&brand=Volkswagen&latitude=41.224151&longitude=1.7255678&category_ids=100&distance=200000&min_year=2012&max_year=2016&max_km=200000&engine=gasoil&min_sale_price=7349&order_by=price_low_to_high,"[11600.0, 13900.0, 15400.0, 13850.0, 13500.0, 17000.0, 11500.0, 9499.0, 12250.0, 33635.0]",https://es.wallapop.com/app/search?keywords=Golf%207&brand=Volkswagen&latitude=41.224151&longitude=1.7255678&category_ids=100&distance=200000&min_year=2012&max_year=2016&max_km=200000&engine=gasoil&order_by=most_relevance,[7470.0],https://es.wallapop.com/app/search?keywords=Golf%207%20flexicar&brand=Volkswagen&latitude=41.224151&longitude=1.7255678&category_ids=100&distance=200000&min_year=2012&max_year=2016&max_km=200000&engine=gasoil,2025-01-11T11:31:56.498813
Volkswagen,Golf 7,2012/2016,Gasolina,8500.0,11000.0,"[8000.0, 8800.0, 9900.0, 11000.0, 11900.0, 11990.0, 11990.0, 12000.0, 12490.0, 12500.0]",https://es.wallapop.com/app/search?keywords=Golf%207&brand=Volkswagen&latitude=41.224151&longitude=1.7255678&category_ids=100&distance=200000&min_year=2012&max_year=2016&max_km=200000&engine=gasoline&min_sale_price=6825&order_by=price_low_to_high,"[22700.0, 24000.0, 16500.0, 18200.0, 16990.0, 13900.0, 11900.0, 18500.0, 12990.0, 22500.0]",https://es.wallapop.com/app/search?keywords=Golf%207&brand=Volkswagen&latitude=41.224151&longitude=1.7255678&category_ids=100&distance=200000&min_year=2012&max_year=2016&max_km=200000&engine=gasoline&order_by=most_relevance,,,2025-01-11T11:32:25.461346
Opel,Corsa,2006/2014,Gasolina/Diésel,2500.0,4000.0,"[2300.0, 2400.0, 2400.0, 2500.0, 2500.0, 2500.0, 2500.0, 2500.0, 2500.0, 2500.0]",https://es.wallapop.com/app/search?keywords=Corsa&brand=Opel&latitude=41.224151&longitude=1.7255678&category_ids=100&distance=200000&min_year=2006&max_year=2014&max_km=200000&min_sale_price=2275&order_by=price_low_to_high,"[6750.0, 5990.0, 4250.0, 3999.0, 3999.0, 4900.0, 5900.0, 7500.0, 1000.0, 11000.0]",https://es.wallapop.com/app/search?keywords=Corsa&brand=Opel&latitude=41.224151&longitude=1.7255678&category_ids=100&distance=200000&min_year=2006&max_year=2014&max_km=200000&order_by=most_relevance,[5990.0],https://es.wallapop.com/app/search?keywords=Corsa%20flexicar&brand=Opel&latitude=41.224151&longitude=1.7255678&category_ids=100&distance=200000&min_year=2006&max_year=2014&max_km=200000,2025-01-11T11:32:51.872884
Seat,León,2012/2017,Diésel,10000.0,13000.0,"[8199.0, 8200.0, 8200.0, 8400.0, 8490.0, 8500.0, 8500.0, 8500.0, 8500.0, 8500.0]",https://es.wallapop.com/app/search?keywords=Le%C3%B3n&brand=Seat&latitude=41.224151&longitude=1.7255678&category_ids=100&distance=200000&min_year=2012&max_year=2017&max_km=200000&engine=gasoil&min_sale_price=8049&order_by=price_low_to_high,"[14990.0, 16990.0, 14537.0, 16900.0, 13300.0, 17250.0, 13490.0, 13990.0, 12000.0, 13300.0]",https://es.wallapop.com/app/search?keywords=Le%C3%B3n&brand=Seat&latitude=41.224151&longitude=1.7255678&category_ids=100&distance=200000&min_year=2012&max_year=2017&max_km=200000&engine=gasoil&order_by=most_relevance,"[10990.0, 10990.0, 14890.0, 14980.0, 13490.0, 13490.0, 9990.0, 13990.0, 15490.0, 13790.0]",https://es.wallapop.com/app/search?keywords=Le%C3%B3n%20flexicar&brand=Seat&latitude=41.224151&longitude=1.7255678&category_ids=100&distance=200000&min_year=2012&max_year=2017&max_km=200000&engine=gasoil,2025-01-11T11:33:20.044596
Renault,Clio (Gasolina),2012/2018,Gasolina,4500.0,6000.0,"[4800.0, 4900.0, 5200.0, 5300.0, 5400.0, 5500.0, 5500.0, 5600.0, 6500.0, 6990.0]",https://es.wallapop.com/app/search?keywords=Clio%20%28Gasolina%29&brand=Renault&latitude=41.224151&longitude=1.7255678&category_ids=100&distance=200000&min_year=2012&max_year=2018&max_km=200000&engine=gasoline&min_sale_price=3674&order_by=price_low_to_high,"[11500.0, 10700.0, 13490.0, 15990.0, 12637.0, 10700.0, 5300.0, 6990.0, 12990.0, 8990.0]",https://es.wallapop.com/app/search?keywords=Clio%20%28Gasolina%29&brand=Renault&latitude=41.224151&longitude=1.7255678&category_ids=100&distance=200000&min_year=2012&max_year=2018&max_km=200000&engine=gasoline&order_by=most_relevance,"[8790.0, 8490.0, 8790.0, 8990.0, 10490.0, 8890.0, 8990.0, 12490.0, 7990.0, 7890.0]",https://es.wallapop.com/app/search?keywords=Clio%20%28Gasolina%29%20flexicar&brand=Renault&latitude=41.224151&longitude=1.7255678&category_ids=100&distance=200000&min_year=2012&max_year=2018&max_km=200000&engine=gasoline,2025-01-11T11:33:44.257483
Renault,Clio (Diésel),2012/2018,Diésel,4500.0,6000.0,"[4800.0, 4980.0, 5000.0, 5500.0, 5900.0, 5999.0, 6000.0, 6000.0, 6499.0, 6500.0]",https://es.wallapop.com/app/search?keywords=Clio%20%28Di%C3%A9sel%29&brand=Renault&latitude=41.224151&longitude=1.7255678&category_ids=100&distance=200000&min_year=2012&max_year=2018&max_km=200000&engine=gasoil&min_sale_price=3674&order_by=price_low_to_high,"[9500.0, 9500.0, 8500.0, 12099.0, 10491.0, 12099.0, 6000.0, 12490.0, 8591.0, 21727.0]",https://es.wallapop.com/app/search?keywords=Clio%20%28Di%C3%A9sel%29&brand=Renault&latitude=41.224151&longitude=1.7255678&category_ids=100&distance=200000&min_year=2012&max_year=2018&max_km=200000&engine=gasoil&order_by=most_relevance,"[8990.0, 7990.0, 8990.0, 8980.0]",https://es.wallapop.com/app/search?keywords=Clio%20%28Di%C3%A9sel%29%20flexicar&brand=Renault&latitude=41.224151&longitude=1.7255678&category_ids=100&distance=200000&min_year=2012&max_year=2018&max_km=200000&engine=gasoil,2025-01-11T11:34:11.069681
Volkswagen,Polo (Gasolina),2010/2017,Gasolina,5000.0,7000.0,"[4900.0, 5000.0, 5370.0, 5800.0, 5999.0, 6399.0, 6400.0, 6500.0, 6500.0, 6500.0]",https://es.wallapop.com/app/search?keywords=Polo%20%28Gasolina%29&brand=Volkswagen&latitude=41.224151&longitude=1.7255678&category_ids=100&distance=200000&min_year=2010&max_year=2017&max_km=200000&engine=gasoline&min_sale_price=4200&order_by=price_low_to_high,"[6900.0, 8250.0, 11500.0, 10900.0, 10719.0, 14500.0, 8250.0, 9900.0, 9000.0, 6500.0]",https://es.wallapop.com/app/search?keywords=Polo%20%28Gasolina%29&brand=Volkswagen&latitude=41.224151&longitude=1.7255678&category_ids=100&distance=200000&min_year=2010&max_year=2017&max_km=200000&engine=gasoline&order_by=most_relevance,"[9990.0, 10990.0, 14990.0, 10990.0, 6990.0, 10490.0, 10490.0, 13990.0, 13990.0, 8490.0]",https://es.wallapop.com/app/search?keywords=Polo%20%28Gasolina%29%20flexicar&brand=Volkswagen&latitude=41.224151&longitude=1.7255678&category_ids=100&distance=200000&min_year=2010&max_year=2017&max_km=200000&engine=gasoline,2025-01-11T11:34:38.124795
Volkswagen,Polo (Diésel),2010/2017,Diésel,5000.0,7000.0,"[4590.0, 5000.0, 5000.0, 5300.0, 5500.0, 5500.0, 5500.0, 5500.0, 5600.0, 5600.0]",https://es.wallapop.com/app/search?keywords=Polo%20%28Di%C3%A9sel%29&brand=Volkswagen&latitude=41.224151&longitude=1.7255678&category_ids=100&distance=200000&min_year=2010&max_year=2017&max_km=200000&engine=gasoil&min_sale_price=4200&order_by=price_low_to_high,"[10990.0, 6800.0, 6500.0, 5000.0, 5000.0, 5990.0, 7500.0, 10000.0, 6500.0, 8500.0]",https://es.wallapop.com/app/search?keywords=Polo%20%28Di%C3%A9sel%29&brand=Volkswagen&latitude=41.224151&longitude=1.7255678&category_ids=100&distance=200000&min_year=2010&max_year=2017&max_km=200000&engine=gasoil&order_by=most_relevance,"[10990.0, 9490.0, 10980.0]",https://es.wallapop.com/app/search?keywords=Polo%20%28Di%C3%A9sel%29%20flexicar&brand=Volkswagen&latitude=41.224151&longitude=1.7255678&category_ids=100&distance=200000&min_year=2010&max_year=2017&max_km=200000&engine=gasoil,2025-01-11T11:35:05.227645
Mitsubishi,ASX,2015/2019,Diésel,8500.0,11000.0,"[12000.0, 12490.0, 12490.0, 12500.0, 12500.0, 12900.0, 12900.0, 13750.0, 13990.0, 14280.0]",https://es.wallapop.com/app/search?keywords=ASX&brand=Mitsubishi&latitude=41.224151&longitude=1.7255678&category_ids=100&distance=200000&min_year=2015&max_year=2019&max_km=200000&engine=gasoil&min_sale_price=6825&order_by=price_low_to_high,"[15364.0, 15000.0, 12490.0, 14280.0, 12500.0, 12500.0, 12490.0, 14280.0, 13990.0, 15000.0]",https://es.wallapop.com/app/search?keywords=ASX&brand=Mitsubishi&latitude=41.224151&longitude=1.7255678&category_ids=100&distance=200000&min_year=2015&max_year=2019&max_km=200000&engine=gasoil&order_by=most_relevance,,,2025-01-11T11:35:36.129763
Audi,A3 (Gasolina),2012/2016,Gasolina,10000.0,14000.0,"[8500.0, 9300.0, 9500.0, 9900.0, 9500.0, 11000.0, 12500.0, 12500.0, 12890.0, 12900.0]",https://es.wallapop.com/app/search?keywords=A3%20%28Gasolina%29&brand=Audi&latitude=41.224151&longitude=1.7255678&category_ids=100&distance=200000&min_year=2012&max_year=2016&max_km=200000&engine=gasoline&min_sale_price=8400&order_by=price_low_to_high,"[21990.0, 18990.0, 21990.0, 14000.0, 33000.0, 19500.0, 18490.0, 12500.0, 22000.0, 14490.0]",https://es.wallapop.com/app/search?keywords=A3%20%28Gasolina%29&brand=Audi&latitude=41.224151&longitude=1.7255678&category_ids=100&distance=200000&min_year=2012&max_year=2016&max_km=200000&engine=gasoline&order_by=most_relevance,"[14490.0, 31490.0, 31490.0, 19490.0, 14490.0, 14990.0, 12890.0]",https://es.wallapop.com/app/search?keywords=A3%20%28Gasolina%29%20flexicar&brand=Audi&latitude=41.224151&longitude=1.7255678&category_ids=100&distance=200000&min_year=2012&max_year=2016&max_km=200000&engine=gasoline,2025-01-11T11:36:02.826486
Audi,A3 (Diésel),2012/2016,Diésel,10000.0,14000.0,"[9000.0, 9500.0, 9500.0, 9900.0, 9999.0, 10000.0, 10000.0, 10500.0, 10500.0, 10500.0]",https://es.wallapop.com/app/search?keywords=A3%20%28Di%C3%A9sel%29&brand=Audi&latitude=41.224151&longitude=1.7255678&category_ids=100&distance=200000&min_year=2012&max_year=2016&max_km=200000&engine=gasoil&min_sale_price=8400&order_by=price_low_to_high,"[13500.0, 16990.0, 12000.0, 18990.0, 14900.0, 14000.0, 11490.0, 12900.0, 13995.0, 15990.0]",https://es.wallapop.com/app/search?keywords=A3%20%28Di%C3%A9sel%29&brand=Audi&latitude=41.224151&longitude=1.7255678&category_ids=100&distance=200000&min_year=2012&max_year=2016&max_km=200000&engine=gasoil&order_by=most_relevance,"[16490.0, 12400.0, 22780.0, 12990.0, 12490.0]",https://es.wallapop.com/app/search?keywords=A3%20%28Di%C3%A9sel%29%20flexicar&brand=Audi&latitude=41.224151&longitude=1.7255678&category_ids=100&distance=200000&min_year=2012&max_year=2016&max_km=200000&engine=gasoil,2025-01-11T11:36:29.242858
Seat,Ibiza (Gasolina),2010/2013,Gasolina,3000.0,4500.0,"[4000.0, 4490.0, 4500.0, 4990.0, 4999.0, 5000.0, 5000.0, 5000.0, 5490.0, 5500.0]",https://es.wallapop.com/app/search?keywords=Ibiza%20%28Gasolina%29&brand=Seat&latitude=41.224151&longitude=1.7255678&category_ids=100&distance=200000&min_year=2010&max_year=2013&max_km=200000&engine=gasoline&min_sale_price=2625&order_by=price_low_to_high,"[11800.0, 8990.0, 11800.0, 6900.0, 8990.0, 7990.0, 6990.0, 7500.0, 7000.0, 5990.0]",https://es.wallapop.com/app/search?keywords=Ibiza%20%28Gasolina%29&brand=Seat&latitude=41.224151&longitude=1.7255678&category_ids=100&distance=200000&min_year=2010&max_year=2013&max_km=200000&engine=gasoline&order_by=most_relevance,,,2025-01-11T11:36:58.544532
Seat,Ibiza (Diésel),2010/2013,Diésel,3000.0,4500.0,"[3000.0, 3899.0, 4100.0, 4100.0, 4300.0, 4690.0, 4700.0, 4800.0, 4800.0, 4900.0]",https://es.wallapop.com/app/search?keywords=Ibiza%20%28Di%C3%A9sel%29&brand=Seat&latitude=41.224151&longitude=1.7255678&category_ids=100&distance=200000&min_year=2010&max_year=2013&max_km=200000&engine=gasoil&min_sale_price=2625&order_by=price_low_to_high,"[7490.0, 8500.0, 5100.0, 5795.0, 7995.0, 7990.0, 6990.0, 7800.0, 10450.0, 6000.0]",https://es.wallapop.com/app/search?keywords=Ibiza%20%28Di%C3%A9sel%29&brand=Seat&latitude=41.224151&longitude=1.7255678&category_ids=100&distance=200000&min_year=2010&max_year=2013&max_km=200000&engine=gasoil&order_by=most_relevance,,,2025-01-11T11:37:28.086867
Opel,Astra (Gasolina),2012/2018,Gasolina,5000.0,8500.0,"[5000.0, 5900.0, 6000.0, 6600.0, 7450.0, 7450.0, 7500.0, 7600.0, 7800.0, 7800.0]",https://es.wallapop.com/app/search?keywords=Astra%20%28Gasolina%29&brand=Opel&latitude=41.224151&longitude=1.7255678&category_ids=100&distance=200000&min_year=2012&max_year=2018&max_km=200000&engine=gasoline&min_sale_price=4725&order_by=price_low_to_high,"[10900.0, 13990.0, 10999.0, 12510.0, 8790.0, 8900.0, 11273.0, 12950.0, 10890.0, 6000.0]",https://es.wallapop.com/app/search?keywords=Astra%20%28Gasolina%29&brand=Opel&latitude=41.224151&longitude=1.7255678&category_ids=100&distance=200000&min_year=2012&max_year=2018&max_km=200000&engine=gasoline&order_by=most_relevance,"[11990.0, 12580.0, 10880.0, 10480.0, 11490.0, 9490.0]",https://es.wallapop.com/app/search?keywords=Astra%20%28Gasolina%29%20flexicar&brand=Opel&latitude=41.224151&longitude=1.7255678&category_ids=100&distance=200000&min_year=2012&max_year=2018&max_km=200000&engine=gasoline,2025-01-11T11:37:54.847634
Opel,Astra (Diésel),2012/2018,Diésel,5000.0,8500.0,"[4800.0, 5400.0, 5900.0, 6000.0, 6000.0, 6200.0, 6200.0, 6300.0, 6500.0, 6500.0]",https://es.wallapop.com/app/search?keywords=Astra%20%28Di%C3%A9sel%29&brand=Opel&latitude=41.224151&longitude=1.7255678&category_ids=100&distance=200000&min_year=2012&max_year=2018&max_km=200000&engine=gasoil&min_sale_price=4725&order_by=price_low_to_high,"[10300.0, 12490.0, 9900.0, 8900.0, 6500.0, 4500.0, 10300.0, 12490.0, 10000.0, 13500.0]",https://es.wallapop.com/app/search?keywords=Astra%20%28Di%C3%A9sel%29&brand=Opel&latitude=41.224151&longitude=1.7255678&category_ids=100&distance=200000&min_year=2012&max_year=2018&max_km=200000&engine=gasoil&order_by=most_relevance,"[7490.0, 9990.0, 8990.0, 9990.0, 10990.0, 11980.0, 12680.0, 9480.0, 13990.0]",https://es.wallapop.com/app/search?keywords=Astra%20%28Di%C3%A9sel%29%20flexicar&brand=Opel&latitude=41.224151&longitude=1.7255678&category_ids=100&distance=200000&min_year=2012&max_year=2018&max_km=200000&engine=gasoil,2025-01-11T11:38:22.330752
Hyundai,i20 (Gasolina),2015/2018,Gasolina,6000.0,8000.0,"[6300.0, 7000.0, 7200.0, 7500.0, 7999.0, 8490.0, 8990.0, 8990.0, 8990.0, 8990.0]",https://es.wallapop.com/app/search?keywords=i20%20%28Gasolina%29&brand=Hyundai&latitude=41.224151&longitude=1.7255678&category_ids=100&distance=200000&min_year=2015&max_year=2018&max_km=200000&engine=gasoline&min_sale_price=4900&order_by=price_low_to_high,"[12490.0, 13173.0, 11900.0, 12955.0, 8990.0, 9990.0, 11990.0, 9990.0, 12500.0, 7200.0]",https://es.wallapop.com/app/search?keywords=i20%20%28Gasolina%29&brand=Hyundai&latitude=41.224151&longitude=1.7255678&category_ids=100&distance=200000&min_year=2015&max_year=2018&max_km=200000&engine=gasoline&order_by=most_relevance,"[13790.0, 8990.0, 10890.0, 8990.0, 10490.0, 8990.0, 8990.0, 10760.0, 8990.0, 8490.0]",https://es.wallapop.com/app/search?keywords=i20%20%28Gasolina%29%20flexicar&brand=Hyundai&latitude=41.224151&longitude=1.7255678&category_ids=100&distance=200000&min_year=2015&max_year=2018&max_km=200000&engine=gasoline,2025-01-11T11:38:49.541772
Hyundai,i20 (Diésel),2015/2018,Diésel,6000.0,8000.0,"[8990.0, 8990.0, 9750.0, 9750.0, 9750.0, 9750.0, 9790.0, 10000.0]",https://es.wallapop.com/app/search?keywords=i20%20%28Di%C3%A9sel%29&brand=Hyundai&latitude=41.224151&longitude=1.7255678&category_ids=100&distance=200000&min_year=2015&max_year=2018&max_km=200000&engine=gasoil&min_sale_price=4900&order_by=price_low_to_high,"[9750.0, 9750.0, 8990.0, 8990.0, 9790.0, 10000.0, 9750.0, 9750.0]",https://es.wallapop.com/app/search?keywords=i20%20%28Di%C3%A9sel%29&brand=Hyundai&latitude=41.224151&longitude=1.7255678&category_ids=100&distance=200000&min_year=2015&max_year=2018&max_km=200000&engine=gasoil&order_by=most_relevance,"[8990.0, 8990.0, 9790.0]",https://es.wallapop.com/app/search?keywords=i20%20%28Di%C3%A9sel%29%20flexicar&brand=Hyundai&latitude=41.224151&longitude=1.7255678&category_ids=100&distance=200000&min_year=2015&max_year=2018&max_km=200000&engine=gasoil,2025-01-11T11:39:19.039049
Toyota,Corolla (Gasolina),2006/2013,Gasolina,4000.0,5500.0,"[3900.0, 4000.0, 4300.0, 5490.0, 5500.0, 6500.0, 6900.0, 7500.0, 7990.0, 8000.0]",https://es.wallapop.com/app/search?keywords=Corolla%20%28Gasolina%29&brand=Toyota&latitude=41.224151&longitude=1.7255678&category_ids=100&distance=200000&min_year=2006&max_year=2013&max_km=200000&engine=gasoline&min_sale_price=3325&order_by=price_low_to_high,"[6500.0, 7990.0, 5490.0, 8500.0, 7500.0, 3900.0, 5500.0, 4000.0, 8000.0, 4300.0]",https://es.wallapop.com/app/search?keywords=Corolla%20%28Gasolina%29&brand=Toyota&latitude=41.224151&longitude=1.7255678&category_ids=100&distance=200000&min_year=2006&max_year=2013&max_km=200000&engine=gasoline&order_by=most_relevance,,,2025-01-11T11:39:50.509639
Toyota,Corolla (Diésel),2006/2013,Diésel,4000.0,5500.0,"[4500.0, 5100.0, 5750.0, 5800.0, 5990.0, 6500.0, 6500.0, 6900.0, 6900.0, 6900.0]",https://es.wallapop.com/app/search?keywords=Corolla%20%28Di%C3%A9sel%29&brand=Toyota&latitude=41.224151&longitude=1.7255678&category_ids=100&distance=200000&min_year=2006&max_year=2013&max_km=200000&engine=gasoil&min_sale_price=3325&order_by=price_low_to_high,"[5990.0, 7450.0, 6900.0, 6500.0, 7800.0, 7590.0, 7450.0, 7450.0, 6900.0, 5100.0]",https://es.wallapop.com/app/search?keywords=Corolla%20%28Di%C3%A9sel%29&brand=Toyota&latitude=41.224151&longitude=1.7255678&category_ids=100&distance=200000&min_year=2006&max_year=2013&max_km=200000&engine=gasoil&order_by=most_relevance,,,2025-01-11T11:40:21.538251
Ford,Focus Mk3 (Gasolina),2011/2018,Gasolina,5000.0,7000.0,[5400.0],https://es.wallapop.com/app/search?keywords=Focus%20Mk3%20%28Gasolina%29&brand=Ford&latitude=41.224151&longitude=1.7255678&category_ids=100&distance=200000&min_year=2011&max_year=2018&max_km=200000&engine=gasoline&min_sale_price=4200&order_by=price_low_to_high,[5400.0],https://es.wallapop.com/app/search?keywords=Focus%20Mk3%20%28Gasolina%29&brand=Ford&latitude=41.224151&longitude=1.7255678&category_ids=100&distance=200000&min_year=2011&max_year=2018&max_km=200000&engine=gasoline&order_by=most_relevance,,,2025-01-11T11:40:53.071504
Ford,Focus Mk3 (Diésel),2011/2018,Diésel,6000.0,8000.0,,,,,,,2025-01-11T11:41:33.399042
Ford,Focus Mk3 (Diésel),2011/2018,Diésel,7500.0,10000.0,,,,,,,2025-01-11T11:42:12.207595
Peugeot,208 (Gasolina),2012/2019,Gasolina,4500.0,7000.0,"[4150.0, 4350.0, 4699.0, 4900.0, 4990.0, 4999.0, 5000.0, 5000.0, 5200.0, 5250.0]",https://es.wallapop.com/app/search?keywords=208%20%28Gasolina%29&brand=Peugeot&latitude=41.224151&longitude=1.7255678&category_ids=100&distance=200000&min_year=2012&max_year=2019&max_km=200000&engine=gasoline&min_sale_price=4024&order_by=price_low_to_high,"[6900.0, 4990.0, 9990.0, 7990.0, 4900.0, 11490.0, 9300.0, 7990.0, 9090.0, 9490.0]",https://es.wallapop.com/app/search?keywords=208%20%28Gasolina%29&brand=Peugeot&latitude=41.224151&longitude=1.7255678&category_ids=100&distance=200000&min_year=2012&max_year=2019&max_km=200000&engine=gasoline&order_by=most_relevance,"[5990.0, 9990.0, 6990.0, 8690.0, 6980.0, 6990.0, 9490.0, 11990.0, 8490.0, 8490.0]",https://es.wallapop.com/app/search?keywords=208%20%28Gasolina%29%20flexicar&brand=Peugeot&latitude=41.224151&longitude=1.7255678&category_ids=100&distance=200000&min_year=2012&max_year=2019&max_km=200000&engine=gasoline,2025-01-11T11:42:37.781088
Peugeot,208 (Diésel),2012/2019,Diésel,4500.0,7000.0,"[4800.0, 4899.0, 4900.0, 4999.0, 5200.0, 5300.0, 5500.0, 5800.0, 5900.0, 6299.99]",https://es.wallapop.com/app/search?keywords=208%20%28Di%C3%A9sel%29&brand=Peugeot&latitude=41.224151&longitude=1.7255678&category_ids=100&distance=200000&min_year=2012&max_year=2019&max_km=200000&engine=gasoil&min_sale_price=4024&order_by=price_low_to_high,"[12300.0, 7400.0, 11900.0, 6500.0, 9900.0, 8700.0, 8700.0, 8700.0, 3490.0, 149.0]",https://es.wallapop.com/app/search?keywords=208%20%28Di%C3%A9sel%29&brand=Peugeot&latitude=41.224151&longitude=1.7255678&category_ids=100&distance=200000&min_year=2012&max_year=2019&max_km=200000&engine=gasoil&order_by=most_relevance,"[8490.0, 9990.0, 7990.0, 9490.0, 7990.0, 10490.0, 10790.0, 8460.0, 7490.0, 6490.0]",https://es.wallapop.com/app/search?keywords=208%20%28Di%C3%A9sel%29%20flexicar&brand=Peugeot&latitude=41.224151&longitude=1.7255678&category_ids=100&distance=200000&min_year=2012&max_year=2019&max_km=200000&engine=gasoil,2025-01-11T11:43:05.302776
Citroën,C3 (Gasolina),2010/2017,Gasolina,4000.0,6000.0,"[3700.0, 3950.0, 4000.0, 4000.0, 4000.0, 4300.0, 4400.0, 4500.0, 4550.0, 4600.0]",https://es.wallapop.com/app/search?keywords=C3%20%28Gasolina%29&brand=Citro%C3%ABn&latitude=41.224151&longitude=1.7255678&category_ids=100&distance=200000&min_year=2010&max_year=2017&max_km=200000&engine=gasoline&min_sale_price=3500&order_by=price_low_to_high,"[5200.0, 9400.0, 7700.0, 4000.0, 6990.0, 7800.0, 4699.0, 6900.0, 6999.0, 5990.0]",https://es.wallapop.com/app/search?keywords=C3%20%28Gasolina%29&brand=Citro%C3%ABn&latitude=41.224151&longitude=1.7255678&category_ids=100&distance=200000&min_year=2010&max_year=2017&max_km=200000&engine=gasoline&order_by=most_relevance,"[7990.0, 11490.0, 6990.0, 8490.0, 8490.0, 6980.0, 7490.0, 7490.0, 8490.0, 8990.0]",https://es.wallapop.com/app/search?keywords=C3%20%28Gasolina%29%20flexicar&brand=Citro%C3%ABn&latitude=41.224151&longitude=1.7255678&category_ids=100&distance=200000&min_year=2010&max_year=2017&max_km=200000&engine=gasoline,2025-01-11T11:43:32.659095
Citroën,C3 (Diésel),2010/2017,Diésel,4000.0,6000.0,"[3500.0, 3700.0, 4000.0, 4200.0, 4290.0, 4290.0, 4300.0, 4500.0, 4500.0, 4500.0]",https://es.wallapop.com/app/search?keywords=C3%20%28Di%C3%A9sel%29&brand=Citro%C3%ABn&latitude=41.224151&longitude=1.7255678&category_ids=100&distance=200000&min_year=2010&max_year=2017&max_km=200000&engine=gasoil&min_sale_price=3500&order_by=price_low_to_high,"[7800.0, 4000.0, 7800.0, 6700.0, 6900.0, 11990.0, 7990.0, 7490.0, 6500.0]",https://es.wallapop.com/app/search?keywords=C3%20%28Di%C3%A9sel%29&brand=Citro%C3%ABn&latitude=41.224151&longitude=1.7255678&category_ids=100&distance=200000&min_year=2010&max_year=2017&max_km=200000&engine=gasoil&order_by=most_relevance,"[7490.0, 8490.0, 8980.0, 7790.0]",https://es.wallapop.com/app/search?keywords=C3%20%28Di%C3%A9sel%29%20flexicar&brand=Citro%C3%ABn&latitude=41.224151&longitude=1.7255678&category_ids=100&distance=200000&min_year=2010&max_year=2017&max_km=200000&engine=gasoil,2025-01-11T11:43:59.104690
Ford,Fiesta (Gasolina),2013/2018,Gasolina,5000.0,7500.0,"[4500.0, 5000.0, 5000.0, 5500.0, 5600.0, 5900.0, 6000.0, 6200.0, 6400.0, 6500.0]",https://es.wallapop.com/app/search?keywords=Fiesta%20%28Gasolina%29&brand=Ford&latitude=41.224151&longitude=1.7255678&category_ids=100&distance=200000&min_year=2013&max_year=2018&max_km=200000&engine=gasoline&min_sale_price=4375&order_by=price_low_to_high,"[6500.0, 12682.0, 6200.0, 6900.0, 6000.0, 11809.0, 8990.0, 10000.0, 7250.0, 11890.0]",https://es.wallapop.com/app/search?keywords=Fiesta%20%28Gasolina%29&brand=Ford&latitude=41.224151&longitude=1.7255678&category_ids=100&distance=200000&min_year=2013&max_year=2018&max_km=200000&engine=gasoline&order_by=most_relevance,"[9490.0, 10490.0, 10490.0, 9390.0, 9790.0, 9790.0, 12590.0, 9690.0, 9490.0, 9790.0]",https://es.wallapop.com/app/search?keywords=Fiesta%20%28Gasolina%29%20flexicar&brand=Ford&latitude=41.224151&longitude=1.7255678&category_ids=100&distance=200000&min_year=2013&max_year=2018&max_km=200000&engine=gasoline,2025-01-11T11:44:26.198032
Ford,Fiesta (Diésel),2013/2018,Diésel,5000.0,7500.0,"[4999.0, 5200.0, 5300.0, 5900.0, 5999.0, 6100.0, 7990.0, 8500.0, 8600.0, 8909.0]",https://es.wallapop.com/app/search?keywords=Fiesta%20%28Di%C3%A9sel%29&brand=Ford&latitude=41.224151&longitude=1.7255678&category_ids=100&distance=200000&min_year=2013&max_year=2018&max_km=200000&engine=gasoil&min_sale_price=4375&order_by=price_low_to_high,"[5900.0, 9990.0, 9990.0, 9990.0, 300.0, 9450.0, 8600.0, 10480.0, 13074.0, 5300.0]",https://es.wallapop.com/app/search?keywords=Fiesta%20%28Di%C3%A9sel%29&brand=Ford&latitude=41.224151&longitude=1.7255678&category_ids=100&distance=200000&min_year=2013&max_year=2018&max_km=200000&engine=gasoil&order_by=most_relevance,[10990.0],https://es.wallapop.com/app/search?keywords=Fiesta%20%28Di%C3%A9sel%29%20flexicar&brand=Ford&latitude=41.224151&longitude=1.7255678&category_ids=100&distance=200000&min_year=2013&max_year=2018&max_km=200000&engine=gasoil,2025-01-11T11:44:54.185452
Mazda,3 (Gasolina),2013/2019,Gasolina,7000.0,10000.0,"[7790.0, 9800.0, 9800.0, 9995.0, 11000.0, 11490.0, 11490.0, 11990.0, 11990.0, 11990.0]",https://es.wallapop.com/app/search?keywords=3%20%28Gasolina%29&brand=Mazda&latitude=41.224151&longitude=1.7255678&category_ids=100&distance=200000&min_year=2013&max_year=2019&max_km=200000&engine=gasoline&min_sale_price=5950&order_by=price_low_to_high,"[15500.0, 17455.0, 22273.0, 17000.0, 15500.0, 14000.0, 16000.0, 13995.0, 9995.0, 15900.0]",https://es.wallapop.com/app/search?keywords=3%20%28Gasolina%29&brand=Mazda&latitude=41.224151&longitude=1.7255678&category_ids=100&distance=200000&min_year=2013&max_year=2019&max_km=200000&engine=gasoline&order_by=most_relevance,"[11490.0, 17490.0, 17490.0, 18990.0, 16990.0, 16990.0, 15790.0, 15890.0, 18350.0, 11990.0]",https://es.wallapop.com/app/search?keywords=3%20%28Gasolina%29%20flexicar&brand=Mazda&latitude=41.224151&longitude=1.7255678&category_ids=100&distance=200000&min_year=2013&max_year=2019&max_km=200000&engine=gasoline,2025-01-11T11:45:18.105617
Mazda,3 (Diésel),2013/2019,Diésel,7000.0,10000.0,"[8800.0, 10260.0, 10500.0, 11000.0, 11200.0, 11390.0, 11490.0, 11490.0, 11500.0, 11500.0]",https://es.wallapop.com/app/search?keywords=3%20%28Di%C3%A9sel%29&brand=Mazda&latitude=41.224151&longitude=1.7255678&category_ids=100&distance=200000&min_year=2013&max_year=2019&max_km=200000&engine=gasoil&min_sale_price=5950&order_by=price_low_to_high,"[12200.0, 13200.0, 12990.0, 10260.0, 245.0, 11490.0, 14900.0, 16355.0, 13990.0, 16480.0]",https://es.wallapop.com/app/search?keywords=3%20%28Di%C3%A9sel%29&brand=Mazda&latitude=41.224151&longitude=1.7255678&category_ids=100&distance=200000&min_year=2013&max_year=2019&max_km=200000&engine=gasoil&order_by=most_relevance,"[11490.0, 13490.0, 13990.0, 16480.0, 14990.0, 15790.0, 14290.0, 13990.0, 11490.0, 14490.0]",https://es.wallapop.com/app/search?keywords=3%20%28Di%C3%A9sel%29%20flexicar&brand=Mazda&latitude=41.224151&longitude=1.7255678&category_ids=100&distance=200000&min_year=2013&max_year=2019&max_km=200000&engine=gasoil,2025-01-11T11:45:45.978757
Kia,Ceed (Gasolina),2012/2018,Gasolina,6000.0,9000.0,"[5600.0, 6000.0, 6300.0, 6500.0, 6550.0, 6800.0, 7200.0, 7800.0, 8200.0, 8490.0]",https://es.wallapop.com/app/search?keywords=Ceed%20%28Gasolina%29&brand=Kia&latitude=41.224151&longitude=1.7255678&category_ids=100&distance=200000&min_year=2012&max_year=2018&max_km=200000&engine=gasoline&min_sale_price=5250&order_by=price_low_to_high,"[6300.0, 12500.0, 13545.0, 7800.0, 13545.0, 10900.0, 8490.0, 9250.0, 11490.0, 9990.0]",https://es.wallapop.com/app/search?keywords=Ceed%20%28Gasolina%29&brand=Kia&latitude=41.224151&longitude=1.7255678&category_ids=100&distance=200000&min_year=2012&max_year=2018&max_km=200000&engine=gasoline&order_by=most_relevance,"[9990.0, 9790.0, 12490.0, 8990.0, 11990.0, 10490.0, 9490.0, 13790.0, 17990.0, 9990.0]",https://es.wallapop.com/app/search?keywords=Ceed%20%28Gasolina%29%20flexicar&brand=Kia&latitude=41.224151&longitude=1.7255678&category_ids=100&distance=200000&min_year=2012&max_year=2018&max_km=200000&engine=gasoline,2025-01-11T11:46:13.745119
Kia,Ceed (Diésel),2012/2018,Diésel,6000.0,9000.0,"[6000.0, 6800.0, 6999.0, 7000.0, 7200.0, 7950.0, 7980.0, 7980.0, 8100.0, 8490.0]",https://es.wallapop.com/app/search?keywords=Ceed%20%28Di%C3%A9sel%29&brand=Kia&latitude=41.224151&longitude=1.7255678&category_ids=100&distance=200000&min_year=2012&max_year=2018&max_km=200000&engine=gasoil&min_sale_price=5250&order_by=price_low_to_high,"[16590.0, 11750.0, 9500.0, 16590.0, 6000.0, 6999.0, 15364.0, 10990.0, 11690.0, 11690.0]",https://es.wallapop.com/app/search?keywords=Ceed%20%28Di%C3%A9sel%29&brand=Kia&latitude=41.224151&longitude=1.7255678&category_ids=100&distance=200000&min_year=2012&max_year=2018&max_km=200000&engine=gasoil&order_by=most_relevance,"[10990.0, 11690.0, 11690.0, 13190.0, 11690.0, 13490.0, 14490.0, 8490.0]",https://es.wallapop.com/app/search?keywords=Ceed%20%28Di%C3%A9sel%29%20flexicar&brand=Kia&latitude=41.224151&longitude=1.7255678&category_ids=100&distance=200000&min_year=2012&max_year=2018&max_km=200000&engine=gasoil,2025-01-11T11:46:40.274185
Honda,Civic (Gasolina),2012/2017,Gasolina,8000.0,12000.0,"[9990.0, 12500.0, 12500.0, 12500.0, 12950.0, 13150.0, 13900.0, 13950.0, 13991.0, 13991.0]",https://es.wallapop.com/app/search?keywords=Civic%20%28Gasolina%29&brand=Honda&latitude=41.224151&longitude=1.7255678&category_ids=100&distance=200000&min_year=2012&max_year=2017&max_km=200000&engine=gasoline&min_sale_price=7000&order_by=price_low_to_high,"[13991.0, 17900.0, 19790.0, 19790.0, 12950.0, 9990.0, 18490.0, 12500.0, 18490.0, 15999.0]",https://es.wallapop.com/app/search?keywords=Civic%20%28Gasolina%29&brand=Honda&latitude=41.224151&longitude=1.7255678&category_ids=100&distance=200000&min_year=2012&max_year=2017&max_km=200000&engine=gasoline&order_by=most_relevance,"[18490.0, 18490.0, 14990.0, 14990.0, 17290.0, 14990.0, 14990.0, 16490.0]",https://es.wallapop.com/app/search?keywords=Civic%20%28Gasolina%29%20flexicar&brand=Honda&latitude=41.224151&longitude=1.7255678&category_ids=100&distance=200000&min_year=2012&max_year=2017&max_km=200000&engine=gasoline,2025-01-11T11:47:07.566097
Honda,Civic (Diésel),2012/2017,Diésel,8000.0,12000.0,"[8700.0, 8900.0, 12500.0, 13500.0, 14900.0, 15250.0, 15250.0]",https://es.wallapop.com/app/search?keywords=Civic%20%28Di%C3%A9sel%29&brand=Honda&latitude=41.224151&longitude=1.7255678&category_ids=100&distance=200000&min_year=2012&max_year=2017&max_km=200000&engine=gasoil&min_sale_price=7000&order_by=price_low_to_high,"[12500.0, 13500.0, 8900.0, 14900.0, 15250.0, 15250.0, 8700.0]",https://es.wallapop.com/app/search?keywords=Civic%20%28Di%C3%A9sel%29&brand=Honda&latitude=41.224151&longitude=1.7255678&category_ids=100&distance=200000&min_year=2012&max_year=2017&max_km=200000&engine=gasoil&order_by=most_relevance,,,2025-01-11T11:47:38.934975
Skoda,Octavia (Gasolina),2013/2018,Gasolina,8000.0,12000.0,"[10990.0, 12719.0, 12719.0, 12719.0, 13264.0, 13264.0, 14490.0, 15445.0, 15445.0, 16790.0]",https://es.wallapop.com/app/search?keywords=Octavia%20%28Gasolina%29&brand=Skoda&latitude=41.224151&longitude=1.7255678&category_ids=100&distance=200000&min_year=2013&max_year=2018&max_km=200000&engine=gasoline&min_sale_price=7000&order_by=price_low_to_high,"[15445.0, 12719.0, 10990.0, 18000.0, 24500.0, 26380.0, 14490.0, 12719.0, 22636.0, 16790.0]",https://es.wallapop.com/app/search?keywords=Octavia%20%28Gasolina%29&brand=Skoda&latitude=41.224151&longitude=1.7255678&category_ids=100&distance=200000&min_year=2013&max_year=2018&max_km=200000&engine=gasoline&order_by=most_relevance,"[10990.0, 26380.0, 16790.0]",https://es.wallapop.com/app/search?keywords=Octavia%20%28Gasolina%29%20flexicar&brand=Skoda&latitude=41.224151&longitude=1.7255678&category_ids=100&distance=200000&min_year=2013&max_year=2018&max_km=200000&engine=gasoline,2025-01-11T11:48:05.644908
Skoda,Octavia (Diésel),2013/2018,Diésel,8000.0,12000.0,"[8400.0, 8400.0, 8500.0, 8500.0, 9000.0, 9500.0, 10500.0, 10500.0, 11300.0, 11300.0]",https://es.wallapop.com/app/search?keywords=Octavia%20%28Di%C3%A9sel%29&brand=Skoda&latitude=41.224151&longitude=1.7255678&category_ids=100&distance=200000&min_year=2013&max_year=2018&max_km=200000&engine=gasoil&min_sale_price=7000&order_by=price_low_to_high,"[9500.0, 9000.0, 17000.0, 14200.0, 14200.0, 14900.0, 17990.0, 18000.0, 11899.0, 14990.0]",https://es.wallapop.com/app/search?keywords=Octavia%20%28Di%C3%A9sel%29&brand=Skoda&latitude=41.224151&longitude=1.7255678&category_ids=100&distance=200000&min_year=2013&max_year=2018&max_km=200000&engine=gasoil&order_by=most_relevance,"[17990.0, 14990.0, 16480.0, 11990.0, 13490.0]",https://es.wallapop.com/app/search?keywords=Octavia%20%28Di%C3%A9sel%29%20flexicar&brand=Skoda&latitude=41.224151&longitude=1.7255678&category_ids=100&distance=200000&min_year=2013&max_year=2018&max_km=200000&engine=gasoil,2025-01-11T11:48:32.138526
Renault,Mégane,2014/2018,Gasolina/Diésel,6000.0,9000.0,"[5400.0, 6300.0, 6500.0, 6800.0, 6900.0, 6900.0, 6900.0, 6900.0, 6990.0, 6995.0]",https://es.wallapop.com/app/search?keywords=M%C3%A9gane&brand=Renault&latitude=41.224151&longitude=1.7255678&category_ids=100&distance=200000&min_year=2014&max_year=2018&max_km=200000&min_sale_price=5250&order_by=price_low_to_high,"[11500.0, 13500.0, 13450.0, 11990.0, 11489.0, 11990.0, 13500.0, 13450.0, 11800.0, 11800.0]",https://es.wallapop.com/app/search?keywords=M%C3%A9gane&brand=Renault&latitude=41.224151&longitude=1.7255678&category_ids=100&distance=200000&min_year=2014&max_year=2018&max_km=200000&order_by=most_relevance,"[12590.0, 9980.0, 9990.0, 13990.0, 27480.0, 27480.0, 16990.0, 13990.0, 18790.0, 20480.0]",https://es.wallapop.com/app/search?keywords=M%C3%A9gane%20flexicar&brand=Renault&latitude=41.224151&longitude=1.7255678&category_ids=100&distance=200000&min_year=2014&max_year=2018&max_km=200000,2025-01-11T11:48:55.578650
Hyundai,Tucson,2015/2020,Gasolina/Diésel,8000.0,12000.0,"[11900.0, 11990.0, 12300.0, 12500.0, 12700.0, 12990.0, 12990.0, 12990.0, 12990.0, 12999.0]",https://es.wallapop.com/app/search?keywords=Tucson&brand=Hyundai&latitude=41.224151&longitude=1.7255678&category_ids=100&distance=200000&min_year=2015&max_year=2020&max_km=200000&min_sale_price=7000&order_by=price_low_to_high,"[16500.0, 13000.0, 18500.0, 18990.0, 14500.0, 18500.0, 21500.0, 11900.0, 18400.0, 15990.0]",https://es.wallapop.com/app/search?keywords=Tucson&brand=Hyundai&latitude=41.224151&longitude=1.7255678&category_ids=100&distance=200000&min_year=2015&max_year=2020&max_km=200000&order_by=most_relevance,"[17990.0, 15490.0, 19490.0, 19990.0, 13490.0, 19390.0, 14990.0, 19490.0, 19490.0, 14470.0]",https://es.wallapop.com/app/search?keywords=Tucson%20flexicar&brand=Hyundai&latitude=41.224151&longitude=1.7255678&category_ids=100&distance=200000&min_year=2015&max_year=2020&max_km=200000,2025-01-11T11:49:19.386166
Nissan,Juke,2011/2019,Gasolina/Diésel,5000.0,8000.0,"[6000.0, 6000.0, 6150.0, 6200.0, 6750.0, 7000.0, 7000.0, 7000.0, 7400.0, 7490.0]",https://es.wallapop.com/app/search?keywords=Juke&brand=Nissan&latitude=41.224151&longitude=1.7255678&category_ids=100&distance=200000&min_year=2011&max_year=2019&max_km=200000&min_sale_price=4550&order_by=price_low_to_high,"[14364.0, 9850.0, 13350.0, 13082.0, 13990.0, 13990.0, 11990.0, 14900.0, 14364.0, 14500.0]",https://es.wallapop.com/app/search?keywords=Juke&brand=Nissan&latitude=41.224151&longitude=1.7255678&category_ids=100&distance=200000&min_year=2011&max_year=2019&max_km=200000&order_by=most_relevance,"[8990.0, 13490.0, 13990.0, 13990.0, 9990.0, 11790.0, 11790.0, 11990.0, 9990.0, 20490.0]",https://es.wallapop.com/app/search?keywords=Juke%20flexicar&brand=Nissan&latitude=41.224151&longitude=1.7255678&category_ids=100&distance=200000&min_year=2011&max_year=2019&max_km=200000,2025-01-11T11:49:43.865091
Suzuki,Swift,2012/2018,Gasolina,5000.0,7000.0,"[5500.0, 8900.0, 9500.0, 10490.0, 10500.0, 10890.0, 11000.0, 13000.0, 13364.0, 13364.0]",https://es.wallapop.com/app/search?keywords=Swift&brand=Suzuki&latitude=41.224151&longitude=1.7255678&category_ids=100&distance=200000&min_year=2012&max_year=2018&max_km=200000&engine=gasoline&min_sale_price=4200&order_by=price_low_to_high,"[15445.0, 15445.0, 8900.0, 10500.0, 13000.0, 10890.0, 11000.0, 10490.0, 9500.0, 13364.0]",https://es.wallapop.com/app/search?keywords=Swift&brand=Suzuki&latitude=41.224151&longitude=1.7255678&category_ids=100&distance=200000&min_year=2012&max_year=2018&max_km=200000&engine=gasoline&order_by=most_relevance,[10490.0],https://es.wallapop.com/app/search?keywords=Swift%20flexicar&brand=Suzuki&latitude=41.224151&longitude=1.7255678&category_ids=100&distance=200000&min_year=2012&max_year=2018&max_km=200000&engine=gasoline,2025-01-11T11:50:12.645290
Fiat,500,2012/2019,Gasolina,4000.0,7000.0,"[4200.0, 4700.0, 4900.0, 5000.0, 5000.0, 5200.0, 5700.0, 5900.0, 5990.0, 5990.0]",https://es.wallapop.com/app/search?keywords=500&brand=Fiat&latitude=41.224151&longitude=1.7255678&category_ids=100&distance=200000&min_year=2012&max_year=2019&max_km=200000&engine=gasoline&min_sale_price=3849&order_by=price_low_to_high,"[21500.0, 7000.0, 12909.0, 50.0, 6499.0, 10350.0, 12490.0, 12909.0, 9900.0, 8700.0]",https://es.wallapop.com/app/search?keywords=500&brand=Fiat&latitude=41.224151&longitude=1.7255678&category_ids=100&distance=200000&min_year=2012&max_year=2019&max_km=200000&engine=gasoline&order_by=most_relevance,"[8990.0, 8990.0, 9480.0, 11490.0, 10990.0, 7990.0, 10990.0, 11490.0, 8990.0, 8990.0]",https://es.wallapop.com/app/search?keywords=500%20flexicar&brand=Fiat&latitude=41.224151&longitude=1.7255678&category_ids=100&distance=200000&min_year=2012&max_year=2019&max_km=200000&engine=gasoline,2025-01-11T11:50:37.383352
BMW,Serie 1 (Gasolina),2012/2017,Gasolina,8000.0,12000.0,"[8200.0, 8450.0, 8599.0, 8950.0, 9500.0, 9750.0, 9800.0, 9900.0, 9950.0, 9990.0]",https://es.wallapop.com/app/search?keywords=Serie%201%20%28Gasolina%29&brand=BMW&latitude=41.224151&longitude=1.7255678&category_ids=100&distance=200000&min_year=2012&max_year=2017&max_km=200000&engine=gasoline&min_sale_price=7000&order_by=price_low_to_high,"[45000.0, 56000.0, 21990.0, 32500.0, 19200.0, 55000.0, 9900.0, 26000.0, 60000.0, 19995.0]",https://es.wallapop.com/app/search?keywords=Serie%201%20%28Gasolina%29&brand=BMW&latitude=41.224151&longitude=1.7255678&category_ids=100&distance=200000&min_year=2012&max_year=2017&max_km=200000&engine=gasoline&order_by=most_relevance,"[12990.0, 9990.0, 15490.0, 17990.0, 19490.0, 19490.0, 12990.0, 17590.0, 48980.0, 20490.0]",https://es.wallapop.com/app/search?keywords=Serie%201%20%28Gasolina%29%20flexicar&brand=BMW&latitude=41.224151&longitude=1.7255678&category_ids=100&distance=200000&min_year=2012&max_year=2017&max_km=200000&engine=gasoline,2025-01-11T11:51:04.324549
BMW,Serie 1 (Diésel),2012/2017,Diésel,8000.0,12000.0,"[7500.0, 8000.0, 8000.0, 8000.0, 8200.0, 8300.0, 8400.0, 8499.0, 8500.0, 9000.0]",https://es.wallapop.com/app/search?keywords=Serie%201%20%28Di%C3%A9sel%29&brand=BMW&latitude=41.224151&longitude=1.7255678&category_ids=100&distance=200000&min_year=2012&max_year=2017&max_km=200000&engine=gasoil&min_sale_price=7000&order_by=price_low_to_high,"[11300.0, 23990.0, 18250.0, 10500.0, 15800.0, 17200.0, 16900.0, 20250.0, 26750.0, 17790.0]",https://es.wallapop.com/app/search?keywords=Serie%201%20%28Di%C3%A9sel%29&brand=BMW&latitude=41.224151&longitude=1.7255678&category_ids=100&distance=200000&min_year=2012&max_year=2017&max_km=200000&engine=gasoil&order_by=most_relevance,"[12890.0, 14990.0, 12990.0, 14990.0, 12280.0, 15990.0, 17490.0, 14980.0, 9990.0, 20490.0]",https://es.wallapop.com/app/search?keywords=Serie%201%20%28Di%C3%A9sel%29%20flexicar&brand=BMW&latitude=41.224151&longitude=1.7255678&category_ids=100&distance=200000&min_year=2012&max_year=2017&max_km=200000&engine=gasoil,2025-01-11T11:51:27.265917
Mercedes-Benz,Clase A,2013/2018,Gasolina/Diésel,9000.0,13000.0,"[7799.0, 10000.0, 10299.0, 10500.0, 10950.0, 11000.0, 11000.0, 11000.0, 11500.0, 11800.0]",https://es.wallapop.com/app/search?keywords=Clase%20A&brand=Mercedes-Benz&latitude=41.224151&longitude=1.7255678&category_ids=100&distance=200000&min_year=2013&max_year=2018&max_km=200000&min_sale_price=7699&order_by=price_low_to_high,"[29990.0, 22000.0, 18000.0, 22900.0, 13850.0, 18591.0, 17990.0, 27000.0, 35450.0, 17045.0]",https://es.wallapop.com/app/search?keywords=Clase%20A&brand=Mercedes-Benz&latitude=41.224151&longitude=1.7255678&category_ids=100&distance=200000&min_year=2013&max_year=2018&max_km=200000&order_by=most_relevance,,,2025-01-11T11:51:55.354896
Peugeot,308,2014/2019,Gasolina/Diésel,600.0,600.0,"[2700.0, 3000.0, 4490.0, 4500.0, 4800.0, 6500.0, 6500.0, 6500.0, 6990.0, 6999.0]",https://es.wallapop.com/app/search?keywords=308&brand=Peugeot&latitude=41.224151&longitude=1.7255678&category_ids=100&distance=200000&min_year=2014&max_year=2019&max_km=200000&min_sale_price=420&order_by=price_low_to_high,"[8500.0, 14273.0, 11090.0, 13950.0, 15682.0, 8500.0, 15682.0, 14273.0, 12990.0, 9950.0]",https://es.wallapop.com/app/search?keywords=308&brand=Peugeot&latitude=41.224151&longitude=1.7255678&category_ids=100&distance=200000&min_year=2014&max_year=2019&max_km=200000&order_by=most_relevance,"[15990.0, 9490.0, 9490.0, 7980.0, 9490.0, 10690.0, 8990.0, 11980.0, 8990.0, 17990.0]",https://es.wallapop.com/app/search?keywords=308%20flexicar&brand=Peugeot&latitude=41.224151&longitude=1.7255678&category_ids=100&distance=200000&min_year=2014&max_year=2019&max_km=200000,2025-01-11T11:52:19.800321
Renault,Captur,2013/2018,Gasolina/Diésel,7000.0,10000.0,"[6000.0, 6999.0, 8000.0, 8250.0, 8400.0, 8990.0, 9490.0, 9500.0, 9600.0, 9800.0]",https://es.wallapop.com/app/search?keywords=Captur&brand=Renault&latitude=41.224151&longitude=1.7255678&category_ids=100&distance=200000&min_year=2013&max_year=2018&max_km=200000&min_sale_price=5950&order_by=price_low_to_high,"[9990.0, 11300.0, 14864.0, 10500.0, 10900.0, 12690.0, 10990.0, 10990.0, 11490.0, 12990.0]",https://es.wallapop.com/app/search?keywords=Captur&brand=Renault&latitude=41.224151&longitude=1.7255678&category_ids=100&distance=200000&min_year=2013&max_year=2018&max_km=200000&order_by=most_relevance,"[14990.0, 9980.0, 11890.0, 13990.0, 9490.0, 11490.0, 11590.0, 10490.0, 13490.0, 10480.0]",https://es.wallapop.com/app/search?keywords=Captur%20flexicar&brand=Renault&latitude=41.224151&longitude=1.7255678&category_ids=100&distance=200000&min_year=2013&max_year=2018&max_km=200000,2025-01-11T11:52:44.348526
Citroën,C4 Cactus,2014/2018,Gasolina/Diésel,6000.0,9000.0,"[5500.0, 6500.0, 6500.0, 6699.0, 6700.0, 6750.0, 6990.0, 6990.0, 7000.0, 7000.0]",https://es.wallapop.com/app/search?keywords=C4%20Cactus&brand=Citro%C3%ABn&latitude=41.224151&longitude=1.7255678&category_ids=100&distance=200000&min_year=2014&max_year=2018&max_km=200000&min_sale_price=5250&order_by=price_low_to_high,"[6990.0, 9500.0, 6500.0, 8000.0, 10280.0, 10280.0, 10990.0, 9800.0, 11990.0, 9490.0]",https://es.wallapop.com/app/search?keywords=C4%20Cactus&brand=Citro%C3%ABn&latitude=41.224151&longitude=1.7255678&category_ids=100&distance=200000&min_year=2014&max_year=2018&max_km=200000&order_by=most_relevance,"[9490.0, 7990.0, 13490.0, 13490.0, 8990.0, 9990.0, 9490.0, 9490.0, 8490.0, 9490.0]",https://es.wallapop.com/app/search?keywords=C4%20Cactus%20flexicar&brand=Citro%C3%ABn&latitude=41.224151&longitude=1.7255678&category_ids=100&distance=200000&min_year=2014&max_year=2018&max_km=200000,2025-01-11T11:53:08.343229
Nissan,Micra,2011/2018,Gasolina,5000.0,7000.0,"[4500.0, 4950.0, 4999.0, 5400.0, 5500.0, 5500.0, 5750.0, 5990.0, 6200.0, 6490.0]",https://es.wallapop.com/app/search?keywords=Micra&brand=Nissan&latitude=41.224151&longitude=1.7255678&category_ids=100&distance=200000&min_year=2011&max_year=2018&max_km=200000&engine=gasoline&min_sale_price=4200&order_by=price_low_to_high,"[4999.0, 5500.0, 7950.0, 6700.0, 6750.0, 7990.0, 10990.0, 8500.0, 6500.0, 7500.0]",https://es.wallapop.com/app/search?keywords=Micra&brand=Nissan&latitude=41.224151&longitude=1.7255678&category_ids=100&distance=200000&min_year=2011&max_year=2018&max_km=200000&engine=gasoline&order_by=most_relevance,"[10990.0, 7490.0, 9990.0, 9790.0, 8790.0, 9700.0, 9990.0, 9990.0, 9490.0, 6200.0]",https://es.wallapop.com/app/search?keywords=Micra%20flexicar&brand=Nissan&latitude=41.224151&longitude=1.7255678&category_ids=100&distance=200000&min_year=2011&max_year=2018&max_km=200000&engine=gasoline,2025-01-11T11:53:32.791499
Peugeot,5008,2010/2017,Gasolina/Diésel,8000.0,12000.0,"[7000.0, 7190.0, 7495.0, 7500.0, 7500.0, 7600.0, 7600.0, 7600.0, 7800.0, 7900.0]",https://es.wallapop.com/app/search?keywords=5008&brand=Peugeot&latitude=41.224151&longitude=1.7255678&category_ids=100&distance=200000&min_year=2010&max_year=2017&max_km=200000&min_sale_price=7000&order_by=price_low_to_high,"[15891.0, 6500.0, 12790.0, 17990.0, 11990.0, 17727.0, 5600.0, 12950.0, 20250.0, 5600.0]",https://es.wallapop.com/app/search?keywords=5008&brand=Peugeot&latitude=41.224151&longitude=1.7255678&category_ids=100&distance=200000&min_year=2010&max_year=2017&max_km=200000&order_by=most_relevance,"[15990.0, 8990.0, 19490.0, 8790.0, 10490.0, 13990.0, 8990.0, 15490.0, 17190.0]",https://es.wallapop.com/app/search?keywords=5008%20flexicar&brand=Peugeot&latitude=41.224151&longitude=1.7255678&category_ids=100&distance=200000&min_year=2010&max_year=2017&max_km=200000,2025-01-11T11:53:59.402955
Ford,Kuga,2012/2019,Gasolina/Diésel,8000.0,13000.0,"[7499.0, 7999.0, 8500.0, 8500.0, 8700.0, 8900.0, 8900.0, 9000.0, 9500.0, 9500.0]",https://es.wallapop.com/app/search?keywords=Kuga&brand=Ford&latitude=41.224151&longitude=1.7255678&category_ids=100&distance=200000&min_year=2012&max_year=2019&max_km=200000&min_sale_price=7349&order_by=price_low_to_high,"[16818.0, 13800.0, 20627.0, 13990.0, 17990.0, 20627.0, 16818.0, 13900.0, 14150.0, 9000.0]",https://es.wallapop.com/app/search?keywords=Kuga&brand=Ford&latitude=41.224151&longitude=1.7255678&category_ids=100&distance=200000&min_year=2012&max_year=2019&max_km=200000&order_by=most_relevance,"[13490.0, 16490.0, 11990.0, 16490.0, 13390.0, 16490.0, 14490.0, 13490.0, 12990.0, 16490.0]",https://es.wallapop.com/app/search?keywords=Kuga%20flexicar&brand=Ford&latitude=41.224151&longitude=1.7255678&category_ids=100&distance=200000&min_year=2012&max_year=2019&max_km=200000,2025-01-11T11:54:23.796974
Mazda,CX-5,2012/2017,Gasolina/Diésel,10000.0,15000.0,"[8995.0, 9200.0, 9990.0, 10200.0, 10500.0, 10990.0, 11390.0, 11800.0, 11800.0, 11800.0]",https://es.wallapop.com/app/search?keywords=CX-5&brand=Mazda&latitude=41.224151&longitude=1.7255678&category_ids=100&distance=200000&min_year=2012&max_year=2017&max_km=200000&min_sale_price=8750&order_by=price_low_to_high,"[14700.0, 16300.0, 14700.0, 12900.0, 10990.0, 17490.0, 13990.0, 10200.0, 14900.0, 14900.0]",https://es.wallapop.com/app/search?keywords=CX-5&brand=Mazda&latitude=41.224151&longitude=1.7255678&category_ids=100&distance=200000&min_year=2012&max_year=2017&max_km=200000&order_by=most_relevance,"[17490.0, 13490.0, 17490.0, 15790.0, 14490.0, 18990.0, 17490.0, 15990.0, 11390.0, 18280.0]",https://es.wallapop.com/app/search?keywords=CX-5%20flexicar&brand=Mazda&latitude=41.224151&longitude=1.7255678&category_ids=100&distance=200000&min_year=2012&max_year=2017&max_km=200000,2025-01-11T11:54:50.687509
Volkswagen,Tiguan,2010/2017,Gasolina/Diésel,9000.0,15000.0,"[9000.0, 9000.0, 9000.0, 9000.0, 9490.0, 9500.0, 10800.0, 10900.0, 10990.0, 11000.0]",https://es.wallapop.com/app/search?keywords=Tiguan&brand=Volkswagen&latitude=41.224151&longitude=1.7255678&category_ids=100&distance=200000&min_year=2010&max_year=2017&max_km=200000&min_sale_price=8400&order_by=price_low_to_high,"[18600.0, 18600.0, 13900.0, 11500.0, 16500.0, 14500.0, 15900.0, 16700.0, 16990.0, 20900.0]",https://es.wallapop.com/app/search?keywords=Tiguan&brand=Volkswagen&latitude=41.224151&longitude=1.7255678&category_ids=100&distance=200000&min_year=2010&max_year=2017&max_km=200000&order_by=most_relevance,"[18990.0, 16490.0, 20850.0, 12990.0, 12390.0, 19990.0, 14990.0, 19990.0, 14990.0, 12990.0]",https://es.wallapop.com/app/search?keywords=Tiguan%20flexicar&brand=Volkswagen&latitude=41.224151&longitude=1.7255678&category_ids=100&distance=200000&min_year=2010&max_year=2017&max_km=200000,2025-01-11T11:55:17.890984
Audi,Q3,2011/2018,Gasolina/Diésel,10000.0,18000.0,"[12800.0, 12990.0, 13399.0, 13490.0, 14000.0, 14000.0, 14400.0, 14490.0, 14500.0, 14800.0]",https://es.wallapop.com/app/search?keywords=Q3&brand=Audi&latitude=41.224151&longitude=1.7255678&category_ids=100&distance=200000&min_year=2011&max_year=2018&max_km=200000&min_sale_price=9800&order_by=price_low_to_high,"[21990.0, 17045.0, 20900.0, 17500.0, 17045.0, 14500.0, 18990.0, 18999.0, 21990.0, 13490.0]",https://es.wallapop.com/app/search?keywords=Q3&brand=Audi&latitude=41.224151&longitude=1.7255678&category_ids=100&distance=200000&min_year=2011&max_year=2018&max_km=200000&order_by=most_relevance,"[18490.0, 16990.0, 17990.0, 20990.0, 14490.0, 21490.0, 17490.0, 17890.0, 19980.0, 19490.0]",https://es.wallapop.com/app/search?keywords=Q3%20flexicar&brand=Audi&latitude=41.224151&longitude=1.7255678&category_ids=100&distance=200000&min_year=2011&max_year=2018&max_km=200000,2025-01-11T11:55:43.614861
BMW,X1,2012/2019,Gasolina/Diésel,12000.0,20000.0,"[11300.0, 11500.0, 11500.0, 11900.0, 12000.0, 12000.0, 12500.0, 12900.0, 12990.0, 12990.0]",https://es.wallapop.com/app/search?keywords=X1&brand=BMW&latitude=41.224151&longitude=1.7255678&category_ids=100&distance=200000&min_year=2012&max_year=2019&max_km=200000&min_sale_price=11200&order_by=price_low_to_high,"[17900.0, 17900.0, 24350.0, 18300.0, 25909.0, 19900.0, 12990.0, 12990.0, 24350.0, 15400.0]",https://es.wallapop.com/app/search?keywords=X1&brand=BMW&latitude=41.224151&longitude=1.7255678&category_ids=100&distance=200000&min_year=2012&max_year=2019&max_km=200000&order_by=most_relevance,"[16790.0, 19980.0, 20990.0, 20990.0, 18990.0, 17990.0, 21490.0, 13720.0, 21990.0, 18990.0]",https://es.wallapop.com/app/search?keywords=X1%20flexicar&brand=BMW&latitude=41.224151&longitude=1.7255678&category_ids=100&distance=200000&min_year=2012&max_year=2019&max_km=200000,2025-01-11T11:56:07.158675
Mercedes-Benz,GLA,2013/2018,Gasolina/Diésel,12000.0,18000.0,"[13500.0, 15500.0, 15900.0, 15990.0, 15990.0, 15990.0, 15990.0, 15999.0, 16500.0, 16500.0]",https://es.wallapop.com/app/search?keywords=GLA&brand=Mercedes-Benz&latitude=41.224151&longitude=1.7255678&category_ids=100&distance=200000&min_year=2013&max_year=2018&max_km=200000&min_sale_price=10500&order_by=price_low_to_high,"[22719.0, 23091.0, 19700.0, 16990.0, 20250.0, 23900.0, 31900.0, 18900.0, 18900.0, 15990.0]",https://es.wallapop.com/app/search?keywords=GLA&brand=Mercedes-Benz&latitude=41.224151&longitude=1.7255678&category_ids=100&distance=200000&min_year=2013&max_year=2018&max_km=200000&order_by=most_relevance,,,2025-01-11T11:56:36.095334
Skoda,Superb,2012/2019,Gasolina/Diésel,8000.0,13000.0,"[8000.0, 10400.0, 12490.0, 13450.0, 14490.0, 14800.0, 16490.0, 16490.0, 16900.0, 16990.0]",https://es.wallapop.com/app/search?keywords=Superb&brand=Skoda&latitude=41.224151&longitude=1.7255678&category_ids=100&distance=200000&min_year=2012&max_year=2019&max_km=200000&min_sale_price=7349&order_by=price_low_to_high,"[17490.0, 21990.0, 17950.0, 21864.0, 17200.0, 12490.0, 16900.0, 13450.0, 14490.0, 16990.0]",https://es.wallapop.com/app/search?keywords=Superb&brand=Skoda&latitude=41.224151&longitude=1.7255678&category_ids=100&distance=200000&min_year=2012&max_year=2019&max_km=200000&order_by=most_relevance,"[12490.0, 14490.0, 16990.0, 19890.0, 19890.0, 19890.0, 19890.0]",https://es.wallapop.com/app/search?keywords=Superb%20flexicar&brand=Skoda&latitude=41.224151&longitude=1.7255678&category_ids=100&distance=200000&min_year=2012&max_year=2019&max_km=200000,2025-01-11T11:57:01.925766
Volvo,V40,2012/2019,Gasolina/Diésel,8000.0,12000.0,"[8400.0, 8999.0, 9378.52, 9499.0, 9950.0, 10000.0, 10200.0, 10800.0, 11900.0, 11900.0]",https://es.wallapop.com/app/search?keywords=V40&brand=Volvo&latitude=41.224151&longitude=1.7255678&category_ids=100&distance=200000&min_year=2012&max_year=2019&max_km=200000&min_sale_price=7000&order_by=price_low_to_high,"[13900.0, 8400.0, 15637.0, 13900.0, 19900.0, 11900.0, 13000.0, 16990.0, 13590.0, 12990.0]",https://es.wallapop.com/app/search?keywords=V40&brand=Volvo&latitude=41.224151&longitude=1.7255678&category_ids=100&distance=200000&min_year=2012&max_year=2019&max_km=200000&order_by=most_relevance,"[12990.0, 11990.0, 12480.0, 15990.0, 11990.0]",https://es.wallapop.com/app/search?keywords=V40%20flexicar&brand=Volvo&latitude=41.224151&longitude=1.7255678&category_ids=100&distance=200000&min_year=2012&max_year=2019&max_km=200000,2025-01-11T11:57:28.113754
Honda,HR-V,2015/2020,Gasolina,8000.0,12000.0,"[12490.0, 12490.0, 12900.0, 12900.0, 13400.0, 15273.0, 15273.0, 15273.0, 15290.0, 15400.0]",https://es.wallapop.com/app/search?keywords=HR-V&brand=Honda&latitude=41.224151&longitude=1.7255678&category_ids=100&distance=200000&min_year=2015&max_year=2020&max_km=200000&engine=gasoline&min_sale_price=7000&order_by=price_low_to_high,"[16900.0, 16900.0, 15990.0, 17500.0, 19910.0, 22500.0, 12900.0, 12900.0, 12490.0, 19910.0]",https://es.wallapop.com/app/search?keywords=HR-V&brand=Honda&latitude=41.224151&longitude=1.7255678&category_ids=100&distance=200000&min_year=2015&max_year=2020&max_km=200000&engine=gasoline&order_by=most_relevance,"[12490.0, 17490.0, 15290.0, 16650.0, 12490.0]",https://es.wallapop.com/app/search?keywords=HR-V%20flexicar&brand=Honda&latitude=41.224151&longitude=1.7255678&category_ids=100&distance=200000&min_year=2015&max_year=2020&max_km=200000&engine=gasoline,2025-01-11T11:57:55.648331
Hyundai,i30,2012/2018,Gasolina/Diésel,6000.0,9000.0,"[6200.0, 6500.0, 6500.0, 6800.0, 7400.0, 7500.0, 7600.0, 7650.0, 7799.0, 7800.0]",https://es.wallapop.com/app/search?keywords=i30&brand=Hyundai&latitude=41.224151&longitude=1.7255678&category_ids=100&distance=200000&min_year=2012&max_year=2018&max_km=200000&min_sale_price=5250&order_by=price_low_to_high,"[7600.0, 5000.0, 27990.0, 13900.0, 14091.0, 10975.0, 10975.0, 10890.0, 12082.0, 8300.0]",https://es.wallapop.com/app/search?keywords=i30&brand=Hyundai&latitude=41.224151&longitude=1.7255678&category_ids=100&distance=200000&min_year=2012&max_year=2018&max_km=200000&order_by=most_relevance,"[13490.0, 13490.0, 15190.0, 20990.0, 9990.0, 10980.0, 12980.0, 11990.0, 10890.0, 9690.0]",https://es.wallapop.com/app/search?keywords=i30%20flexicar&brand=Hyundai&latitude=41.224151&longitude=1.7255678&category_ids=100&distance=200000&min_year=2012&max_year=2018&max_km=200000,2025-01-11T11:58:22.600075
Toyota,Aygo,2014/2018,Gasolina,4000.0,6000.0,"[5500.0, 5900.0, 7500.0, 7900.0, 8290.0, 8290.0, 8290.0, 8290.0, 8490.0, 8490.0]",https://es.wallapop.com/app/search?keywords=Aygo&brand=Toyota&latitude=41.224151&longitude=1.7255678&category_ids=100&distance=200000&min_year=2014&max_year=2018&max_km=200000&engine=gasoline&min_sale_price=3500&order_by=price_low_to_high,"[9150.0, 9700.0, 9150.0, 10000.0, 10900.0, 10900.0, 11290.0, 9390.0, 8500.0, 5900.0]",https://es.wallapop.com/app/search?keywords=Aygo&brand=Toyota&latitude=41.224151&longitude=1.7255678&category_ids=100&distance=200000&min_year=2014&max_year=2018&max_km=200000&engine=gasoline&order_by=most_relevance,"[9990.0, 9990.0, 8790.0, 8990.0, 8990.0, 11190.0, 9990.0, 8290.0, 8290.0, 10790.0]",https://es.wallapop.com/app/search?keywords=Aygo%20flexicar&brand=Toyota&latitude=41.224151&longitude=1.7255678&category_ids=100&distance=200000&min_year=2014&max_year=2018&max_km=200000&engine=gasoline,2025-01-11T11:58:49.091932
Renault,Scénic,2012/2018,Gasolina/Diésel,6000.0,9000.0,"[5600.0, 5900.0, 6100.0, 6500.0, 6700.0, 6900.0, 6950.0, 6990.0, 6990.0, 7500.0]",https://es.wallapop.com/app/search?keywords=Sc%C3%A9nic&brand=Renault&latitude=41.224151&longitude=1.7255678&category_ids=100&distance=200000&min_year=2012&max_year=2018&max_km=200000&min_sale_price=5250&order_by=price_low_to_high,"[5600.0, 15700.0, 4950.0, 15000.0, 12990.0, 16990.0, 7990.0, 15700.0, 9800.0, 16490.0]",https://es.wallapop.com/app/search?keywords=Sc%C3%A9nic&brand=Renault&latitude=41.224151&longitude=1.7255678&category_ids=100&distance=200000&min_year=2012&max_year=2018&max_km=200000&order_by=most_relevance,"[14990.0, 16490.0, 16990.0, 12490.0, 14490.0, 13990.0, 13490.0, 13990.0, 15880.0, 12990.0]",https://es.wallapop.com/app/search?keywords=Sc%C3%A9nic%20flexicar&brand=Renault&latitude=41.224151&longitude=1.7255678&category_ids=100&distance=200000&min_year=2012&max_year=2018&max_km=200000,2025-01-11T11:59:12.978166
Kia,Sportage,2012/2018,Gasolina/Diésel,7000.0,11000.0,"[7990.0, 8500.0, 9000.0, 9000.0, 9200.0, 9450.0, 9490.0, 9500.0, 9698.0, 9700.0]",https://es.wallapop.com/app/search?keywords=Sportage&brand=Kia&latitude=41.224151&longitude=1.7255678&category_ids=100&distance=200000&min_year=2012&max_year=2018&max_km=200000&min_sale_price=6300&order_by=price_low_to_high,"[9500.0, 16490.0, 16990.0, 13500.0, 12490.0, 12990.0, 11500.0, 65.0, 11500.0, 16490.0]",https://es.wallapop.com/app/search?keywords=Sportage&brand=Kia&latitude=41.224151&longitude=1.7255678&category_ids=100&distance=200000&min_year=2012&max_year=2018&max_km=200000&order_by=most_relevance,"[17990.0, 14490.0, 15490.0, 10490.0, 13990.0, 13490.0, 13490.0, 12490.0, 15990.0, 15990.0]",https://es.wallapop.com/app/search?keywords=Sportage%20flexicar&brand=Kia&latitude=41.224151&longitude=1.7255678&category_ids=100&distance=200000&min_year=2012&max_year=2018&max_km=200000,2025-01-11T11:59:37.428682
Citroën,Berlingo,2012/2019,Diésel,6000.0,9000.0,"[5300.0, 5500.0, 5700.0, 5900.0, 5990.0, 6000.0, 6116.0, 6250.0, 6350.0, 6487.0]",https://es.wallapop.com/app/search?keywords=Berlingo&brand=Citro%C3%ABn&latitude=41.224151&longitude=1.7255678&category_ids=100&distance=200000&min_year=2012&max_year=2019&max_km=200000&engine=gasoil&min_sale_price=5250&order_by=price_low_to_high,"[8999.0, 8900.0, 9990.0, 17489.0, 13500.0, 11300.0, 9990.0, 17900.0, 12980.0, 10661.0]",https://es.wallapop.com/app/search?keywords=Berlingo&brand=Citro%C3%ABn&latitude=41.224151&longitude=1.7255678&category_ids=100&distance=200000&min_year=2012&max_year=2019&max_km=200000&engine=gasoil&order_by=most_relevance,"[16890.0, 10480.0, 12490.0, 13990.0, 13990.0, 8480.0, 18490.0, 18490.0, 11980.0, 18490.0]",https://es.wallapop.com/app/search?keywords=Berlingo%20flexicar&brand=Citro%C3%ABn&latitude=41.224151&longitude=1.7255678&category_ids=100&distance=200000&min_year=2012&max_year=2019&max_km=200000&engine=gasoil,2025-01-11T12:00:00.998962
Dacia,Duster,2013/2018,Gasolina/Diésel,6000.0,9000.0,"[6300.0, 6500.0, 8200.0, 8490.0, 8500.0, 8700.0, 8700.0, 8900.0, 8990.0, 9000.0]",https://es.wallapop.com/app/search?keywords=Duster&brand=Dacia&latitude=41.224151&longitude=1.7255678&category_ids=100&distance=200000&min_year=2013&max_year=2018&max_km=200000&min_sale_price=5250&order_by=price_low_to_high,"[8700.0, 8700.0, 13500.0, 11500.0, 14319.0, 9500.0, 10999.0, 9999.0, 12950.0, 14000.0]",https://es.wallapop.com/app/search?keywords=Duster&brand=Dacia&latitude=41.224151&longitude=1.7255678&category_ids=100&distance=200000&min_year=2013&max_year=2018&max_km=200000&order_by=most_relevance,"[10490.0, 10490.0, 12490.0, 10470.0, 10990.0, 12290.0, 12290.0, 10990.0, 12390.0, 12390.0]",https://es.wallapop.com/app/search?keywords=Duster%20flexicar&brand=Dacia&latitude=41.224151&longitude=1.7255678&category_ids=100&distance=200000&min_year=2013&max_year=2018&max_km=200000,2025-01-11T12:00:28.153642
Fiat,Panda,2012/2018,Gasolina,4000.0,6000.0,"[4000.0, 4890.0, 4900.0, 4900.0, 5000.0, 5000.0, 5200.0, 5200.0, 5500.0, 5500.0]",https://es.wallapop.com/app/search?keywords=Panda&brand=Fiat&latitude=41.224151&longitude=1.7255678&category_ids=100&distance=200000&min_year=2012&max_year=2018&max_km=200000&engine=gasoline&min_sale_price=3500&order_by=price_low_to_high,"[7900.0, 4890.0, 8999.0, 5500.0, 8999.0, 9200.0, 7490.0, 8500.0, 7490.0, 9200.0]",https://es.wallapop.com/app/search?keywords=Panda&brand=Fiat&latitude=41.224151&longitude=1.7255678&category_ids=100&distance=200000&min_year=2012&max_year=2018&max_km=200000&engine=gasoline&order_by=most_relevance,"[7490.0, 7490.0, 9490.0, 9490.0, 7470.0, 7260.0, 6980.0, 7490.0]",https://es.wallapop.com/app/search?keywords=Panda%20flexicar&brand=Fiat&latitude=41.224151&longitude=1.7255678&category_ids=100&distance=200000&min_year=2012&max_year=2018&max_km=200000&engine=gasoline,2025-01-11T12:00:54.383608
Fiat,500X,2014/2019,Gasolina/Diésel,8000.0,13000.0,"[7600.0, 7990.0, 9490.0, 9600.0, 9990.0, 9990.0, 9995.0, 10450.0, 10490.0, 10500.0]",https://es.wallapop.com/app/search?keywords=500X&brand=Fiat&latitude=41.224151&longitude=1.7255678&category_ids=100&distance=200000&min_year=2014&max_year=2019&max_km=200000&min_sale_price=7349&order_by=price_low_to_high,"[17500.0, 11995.0, 12750.0, 12990.0, 13800.0, 11490.0, 11490.0, 14000.0, 9990.0, 11900.0]",https://es.wallapop.com/app/search?keywords=500X&brand=Fiat&latitude=41.224151&longitude=1.7255678&category_ids=100&distance=200000&min_year=2014&max_year=2019&max_km=200000&order_by=most_relevance,"[11490.0, 11490.0, 12890.0, 9490.0, 12490.0, 14490.0, 11290.0, 11990.0, 11990.0, 12490.0]",https://es.wallapop.com/app/search?keywords=500X%20flexicar&brand=Fiat&latitude=41.224151&longitude=1.7255678&category_ids=100&distance=200000&min_year=2014&max_year=2019&max_km=200000,2025-01-11T12:01:20.397177
Chevrolet,Spark,2012/2018,Gasolina,4000.0,6000.0,[4850.0],https://es.wallapop.com/app/search?keywords=Spark&brand=Chevrolet&latitude=41.224151&longitude=1.7255678&category_ids=100&distance=200000&min_year=2012&max_year=2018&max_km=200000&engine=gasoline&min_sale_price=3500&order_by=price_low_to_high,[4850.0],https://es.wallapop.com/app/search?keywords=Spark&brand=Chevrolet&latitude=41.224151&longitude=1.7255678&category_ids=100&distance=200000&min_year=2012&max_year=2018&max_km=200000&engine=gasoline&order_by=most_relevance,,,2025-01-11T12:01:50.888376
Opel,Mokka,2012/2018,Gasolina/Diésel,7000.0,10000.0,"[7000.0, 7500.0, 7900.0, 7900.0, 8250.0, 8290.0, 9200.0, 9200.0, 9200.0, 9200.0]",https://es.wallapop.com/app/search?keywords=Mokka&brand=Opel&latitude=41.224151&longitude=1.7255678&category_ids=100&distance=200000&min_year=2012&max_year=2018&max_km=200000&min_sale_price=5950&order_by=price_low_to_high,"[12650.0, 11900.0, 11991.0, 12990.0, 10990.0, 11991.0, 11500.0, 11900.0, 12650.0, 12995.0]",https://es.wallapop.com/app/search?keywords=Mokka&brand=Opel&latitude=41.224151&longitude=1.7255678&category_ids=100&distance=200000&min_year=2012&max_year=2018&max_km=200000&order_by=most_relevance,"[10490.0, 11290.0, 11490.0, 13980.0, 8290.0, 9990.0, 9490.0, 12990.0, 9980.0, 12290.0]",https://es.wallapop.com/app/search?keywords=Mokka%20flexicar&brand=Opel&latitude=41.224151&longitude=1.7255678&category_ids=100&distance=200000&min_year=2012&max_year=2018&max_km=200000,2025-01-11T12:02:17.534811
Peugeot,3008,2012/2019,Gasolina/Diésel,8000.0,13000.0,"[7490.0, 7490.0, 7495.0, 7500.0, 7850.0, 7990.0, 7990.0, 7990.0, 7990.0, 7990.0]",https://es.wallapop.com/app/search?keywords=3008&brand=Peugeot&latitude=41.224151&longitude=1.7255678&category_ids=100&distance=200000&min_year=2012&max_year=2019&max_km=200000&min_sale_price=7349&order_by=price_low_to_high,"[8900.0, 10990.0, 8900.0, 5799.0, 17045.0, 17900.0, 15000.0, 18250.0, 17000.0, 17045.0]",https://es.wallapop.com/app/search?keywords=3008&brand=Peugeot&latitude=41.224151&longitude=1.7255678&category_ids=100&distance=200000&min_year=2012&max_year=2019&max_km=200000&order_by=most_relevance,"[16480.0, 17480.0, 16290.0, 13490.0, 11990.0, 12790.0, 13490.0, 13990.0, 12790.0, 13990.0]",https://es.wallapop.com/app/search?keywords=3008%20flexicar&brand=Peugeot&latitude=41.224151&longitude=1.7255678&category_ids=100&distance=200000&min_year=2012&max_year=2019&max_km=200000,2025-01-11T12:02:40.778439
Volkswagen,Passat,2011/2018,Gasolina/Diésel,8000.0,15000.0,"[8700.0, 8700.0, 8900.0, 8900.0, 8900.0, 9000.0, 9000.0, 9490.0, 9495.0, 9500.0]",https://es.wallapop.com/app/search?keywords=Passat&brand=Volkswagen&latitude=41.224151&longitude=1.7255678&category_ids=100&distance=200000&min_year=2011&max_year=2018&max_km=200000&min_sale_price=8049&order_by=price_low_to_high,"[11250.0, 17200.0, 9700.0, 14990.0, 14900.0, 18290.0, 17200.0, 10500.0, 8900.0, 19900.0]",https://es.wallapop.com/app/search?keywords=Passat&brand=Volkswagen&latitude=41.224151&longitude=1.7255678&category_ids=100&distance=200000&min_year=2011&max_year=2018&max_km=200000&order_by=most_relevance,"[14480.0, 11590.0, 14490.0, 12980.0, 13990.0]",https://es.wallapop.com/app/search?keywords=Passat%20flexicar&brand=Volkswagen&latitude=41.224151&longitude=1.7255678&category_ids=100&distance=200000&min_year=2011&max_year=2018&max_km=200000,2025-01-11T12:03:07.182114
Audi,A4 Allroad,2012/2016,Gasolina/Diésel,12000.0,17000.0,"[17900.0, 19000.0, 19550.0, 19550.0, 19550.0, 19550.0, 19550.0, 19800.0, 21990.0, 21990.0]",https://es.wallapop.com/app/search?keywords=A4%20Allroad&brand=Audi&latitude=41.224151&longitude=1.7255678&category_ids=100&distance=200000&min_year=2012&max_year=2016&max_km=200000&min_sale_price=10150&order_by=price_low_to_high,"[19550.0, 19000.0, 21990.0, 19550.0, 19550.0, 21990.0, 19550.0, 19550.0, 17900.0, 19800.0]",https://es.wallapop.com/app/search?keywords=A4%20Allroad&brand=Audi&latitude=41.224151&longitude=1.7255678&category_ids=100&distance=200000&min_year=2012&max_year=2016&max_km=200000&order_by=most_relevance,,,2025-01-11T12:03:38.692898
Skoda,Yeti,2012/2017,Gasolina/Diésel,7000.0,12000.0,"[7200.0, 7990.0, 8500.0, 10990.0, 12490.0, 12989.0, 12989.0, 12990.0, 12990.0, 13991.0]",https://es.wallapop.com/app/search?keywords=Yeti&brand=Skoda&latitude=41.224151&longitude=1.7255678&category_ids=100&distance=200000&min_year=2012&max_year=2017&max_km=200000&min_sale_price=6650&order_by=price_low_to_high,"[12990.0, 7990.0, 5999.0, 12989.0, 10990.0, 13991.0, 8500.0, 12989.0, 12490.0, 12990.0]",https://es.wallapop.com/app/search?keywords=Yeti&brand=Skoda&latitude=41.224151&longitude=1.7255678&category_ids=100&distance=200000&min_year=2012&max_year=2017&max_km=200000&order_by=most_relevance,,,2025-01-11T12:04:09.251812
BMW,3 Series,2012/2018,Gasolina/Diésel,9000.0,16000.0,"[19900.0, 20490.0, 20990.0, 21790.0, 32000.0]",https://es.wallapop.com/app/search?keywords=3%20Series&brand=BMW&latitude=41.224151&longitude=1.7255678&category_ids=100&distance=200000&min_year=2012&max_year=2018&max_km=200000&min_sale_price=8750&order_by=price_low_to_high,"[32000.0, 21790.0, 20990.0, 20490.0, 19900.0]",https://es.wallapop.com/app/search?keywords=3%20Series&brand=BMW&latitude=41.224151&longitude=1.7255678&category_ids=100&distance=200000&min_year=2012&max_year=2018&max_km=200000&order_by=most_relevance,,,2025-01-11T12:04:40.177539
Mercedes-Benz,C-Class,2012/2018,Gasolina/Diésel,12000.0,18000.0,,,,,,,2025-01-11T12:05:20.785079
Mini,Countryman,2010/2017,Gasolina/Diésel,7000.0,12000.0,"[7500.0, 7500.0, 7900.0, 7950.0, 7999.0, 8000.0, 8250.0, 8300.0, 8490.0, 8500.0]",https://es.wallapop.com/app/search?keywords=Countryman&brand=Mini&latitude=41.224151&longitude=1.7255678&category_ids=100&distance=200000&min_year=2010&max_year=2017&max_km=200000&min_sale_price=6650&order_by=price_low_to_high,"[12590.0, 15450.0, 17800.0, 13990.0, 7999.0, 13990.0, 13990.0, 10500.0, 15450.0, 16500.0]",https://es.wallapop.com/app/search?keywords=Countryman&brand=Mini&latitude=41.224151&longitude=1.7255678&category_ids=100&distance=200000&min_year=2010&max_year=2017&max_km=200000&order_by=most_relevance,"[11490.0, 16490.0, 15490.0, 12790.0, 17890.0, 17890.0, 8490.0, 17990.0]",https://es.wallapop.com/app/search?keywords=Countryman%20flexicar&brand=Mini&latitude=41.224151&longitude=1.7255678&category_ids=100&distance=200000&min_year=2010&max_year=2017&max_km=200000,2025-01-11T12:05:47.447691
Jaguar,XE,2015/2019,Gasolina/Diésel,14000.0,25000.0,"[13890.0, 13990.0, 13990.0, 14000.0, 14990.0, 14990.0, 16000.0, 16000.0, 16500.0, 16500.0]",https://es.wallapop.com/app/search?keywords=XE&brand=Jaguar&latitude=41.224151&longitude=1.7255678&category_ids=100&distance=200000&min_year=2015&max_year=2019&max_km=200000&min_sale_price=13650&order_by=price_low_to_high,"[14990.0, 16000.0, 9200.0, 20455.0, 18500.0, 215.0, 13990.0, 11900.0, 16990.0, 13890.0]",https://es.wallapop.com/app/search?keywords=XE&brand=Jaguar&latitude=41.224151&longitude=1.7255678&category_ids=100&distance=200000&min_year=2015&max_year=2019&max_km=200000&order_by=most_relevance,"[16990.0, 13890.0, 16990.0]",https://es.wallapop.com/app/search?keywords=XE%20flexicar&brand=Jaguar&latitude=41.224151&longitude=1.7255678&category_ids=100&distance=200000&min_year=2015&max_year=2019&max_km=200000,2025-01-11T12:06:14.107355
Ford,Mondeo,2011/2018,Gasolina/Diésel,7000.0,12000.0,"[7495.0, 8999.0, 8999.0, 9000.0, 9000.0, 9490.0, 10000.0, 12990.0, 13490.0, 13545.0]",https://es.wallapop.com/app/search?keywords=Mondeo&brand=Ford&latitude=41.224151&longitude=1.7255678&category_ids=100&distance=200000&min_year=2011&max_year=2018&max_km=200000&min_sale_price=6650&order_by=price_low_to_high,"[16750.0, 190.0, 14990.0, 12990.0, 7495.0, 13490.0, 9000.0, 17000.0, 190.0, 13545.0]",https://es.wallapop.com/app/search?keywords=Mondeo&brand=Ford&latitude=41.224151&longitude=1.7255678&category_ids=100&distance=200000&min_year=2011&max_year=2018&max_km=200000&order_by=most_relevance,"[14990.0, 12990.0, 13490.0]",https://es.wallapop.com/app/search?keywords=Mondeo%20flexicar&brand=Ford&latitude=41.224151&longitude=1.7255678&category_ids=100&distance=200000&min_year=2011&max_year=2018&max_km=200000,2025-01-11T12:06:40.649049
Opel,Astra J,2010/2015,Gasolina/Diésel,6000.0,10000.0,"[5900.0, 6000.0, 8995.0]",https://es.wallapop.com/app/search?keywords=Astra%20J&brand=Opel&latitude=41.224151&longitude=1.7255678&category_ids=100&distance=200000&min_year=2010&max_year=2015&max_km=200000&min_sale_price=5600&order_by=price_low_to_high,"[8995.0, 3500.0, 6000.0, 3500.0, 5900.0]",https://es.wallapop.com/app/search?keywords=Astra%20J&brand=Opel&latitude=41.224151&longitude=1.7255678&category_ids=100&distance=200000&min_year=2010&max_year=2015&max_km=200000&order_by=most_relevance,,,2025-01-11T12:07:12.117182
Audi,A1,2012/2018,Gasolina,7000.0,11000.0,"[7290.0, 7700.0, 8500.0, 8990.0, 9000.0, 9000.0, 9200.0, 9500.0, 9500.0, 9500.0]",https://es.wallapop.com/app/search?keywords=A1&brand=Audi&latitude=41.224151&longitude=1.7255678&category_ids=100&distance=200000&min_year=2012&max_year=2018&max_km=200000&engine=gasoline&min_sale_price=6300&order_by=price_low_to_high,"[16900.0, 4000.0, 13500.0, 13990.0, 15600.0, 14000.0, 15900.0, 15490.0, 16900.0, 14900.0]",https://es.wallapop.com/app/search?keywords=A1&brand=Audi&latitude=41.224151&longitude=1.7255678&category_ids=100&distance=200000&min_year=2012&max_year=2018&max_km=200000&engine=gasoline&order_by=most_relevance,"[12490.0, 13490.0, 11390.0, 13090.0, 11490.0, 13990.0, 12990.0, 11490.0, 13890.0, 12990.0]",https://es.wallapop.com/app/search?keywords=A1%20flexicar&brand=Audi&latitude=41.224151&longitude=1.7255678&category_ids=100&distance=200000&min_year=2012&max_year=2018&max_km=200000&engine=gasoline,2025-01-11T12:07:38.225907
Nissan,X-Trail,2011/2018,Gasolina/Diésel,10000.0,15000.0,"[10950.0, 11800.0, 11900.0, 13500.0, 13990.0, 13990.0, 13990.0, 13990.0, 13990.0, 14490.0]",https://es.wallapop.com/app/search?keywords=X-Trail&brand=Nissan&latitude=41.224151&longitude=1.7255678&category_ids=100&distance=200000&min_year=2011&max_year=2018&max_km=200000&min_sale_price=8750&order_by=price_low_to_high,"[11900.0, 18650.0, 17182.0, 18650.0, 17182.0, 16500.0, 15700.0, 342.0, 13990.0, 10950.0]",https://es.wallapop.com/app/search?keywords=X-Trail&brand=Nissan&latitude=41.224151&longitude=1.7255678&category_ids=100&distance=200000&min_year=2011&max_year=2018&max_km=200000&order_by=most_relevance,"[15990.0, 18990.0, 13990.0, 15990.0, 15480.0, 16690.0, 16690.0, 13990.0, 16890.0, 17990.0]",https://es.wallapop.com/app/search?keywords=X-Trail%20flexicar&brand=Nissan&latitude=41.224151&longitude=1.7255678&category_ids=100&distance=200000&min_year=2011&max_year=2018&max_km=200000,2025-01-11T12:08:05.021054
Peugeot,208,2012/2019,Gasolina/Diésel,5000.0,9000.0,"[4900.0, 4900.0, 4990.0, 4999.0, 4999.0, 5000.0, 5000.0, 5200.0, 5200.0, 5250.0]",https://es.wallapop.com/app/search?keywords=208&brand=Peugeot&latitude=41.224151&longitude=1.7255678&category_ids=100&distance=200000&min_year=2012&max_year=2019&max_km=200000&min_sale_price=4900&order_by=price_low_to_high,"[6900.0, 4990.0, 9990.0, 12300.0, 7990.0, 4900.0, 11490.0, 9300.0, 7990.0, 9090.0]",https://es.wallapop.com/app/search?keywords=208&brand=Peugeot&latitude=41.224151&longitude=1.7255678&category_ids=100&distance=200000&min_year=2012&max_year=2019&max_km=200000&order_by=most_relevance,"[5990.0, 9990.0, 6990.0, 8690.0, 6980.0, 6990.0, 8490.0, 9490.0, 11990.0, 9990.0]",https://es.wallapop.com/app/search?keywords=208%20flexicar&brand=Peugeot&latitude=41.224151&longitude=1.7255678&category_ids=100&distance=200000&min_year=2012&max_year=2019&max_km=200000,2025-01-11T12:08:27.723585
Hyundai,Tucson,2012/2018,Gasolina/Diésel,8000.0,13000.0,"[11900.0, 11990.0, 12300.0, 12500.0, 12990.0, 12990.0, 12990.0, 12990.0, 12999.0, 13000.0]",https://es.wallapop.com/app/search?keywords=Tucson&brand=Hyundai&latitude=41.224151&longitude=1.7255678&category_ids=100&distance=200000&min_year=2012&max_year=2018&max_km=200000&min_sale_price=7349&order_by=price_low_to_high,"[16500.0, 13000.0, 18500.0, 14500.0, 11900.0, 15990.0, 17591.0, 5650.0, 14200.0, 14400.0]",https://es.wallapop.com/app/search?keywords=Tucson&brand=Hyundai&latitude=41.224151&longitude=1.7255678&category_ids=100&distance=200000&min_year=2012&max_year=2018&max_km=200000&order_by=most_relevance,"[13490.0, 14990.0, 14470.0, 16480.0, 13490.0, 12990.0, 11990.0, 14490.0, 12990.0, 14490.0]",https://es.wallapop.com/app/search?keywords=Tucson%20flexicar&brand=Hyundai&latitude=41.224151&longitude=1.7255678&category_ids=100&distance=200000&min_year=2012&max_year=2018&max_km=200000,2025-01-11T12:08:55.156250
Mitsubishi,Outlander,2012/2018,Gasolina/Diésel,10000.0,15000.0,"[11500.0, 13990.0, 14250.0, 14250.0, 14990.0, 15364.0, 15364.0, 15990.0, 16000.0, 16000.0]",https://es.wallapop.com/app/search?keywords=Outlander&brand=Mitsubishi&latitude=41.224151&longitude=1.7255678&category_ids=100&distance=200000&min_year=2012&max_year=2018&max_km=200000&min_sale_price=8750&order_by=price_low_to_high,"[17228.0, 21750.0, 19890.0, 16591.0, 19200.0, 17680.0, 16900.0, 19980.0, 16940.0, 13990.0]",https://es.wallapop.com/app/search?keywords=Outlander&brand=Mitsubishi&latitude=41.224151&longitude=1.7255678&category_ids=100&distance=200000&min_year=2012&max_year=2018&max_km=200000&order_by=most_relevance,"[17680.0, 19980.0, 13990.0, 15990.0, 17490.0]",https://es.wallapop.com/app/search?keywords=Outlander%20flexicar&brand=Mitsubishi&latitude=41.224151&longitude=1.7255678&category_ids=100&distance=200000&min_year=2012&max_year=2018&max_km=200000,2025-01-11T12:09:23.259825
Seat,Alhambra,2012/2018,Gasolina/Diésel,7000.0,13000.0,"[8700.0, 9300.0, 11500.0, 11800.0, 11900.0, 11900.0, 11990.0, 13500.0, 15400.0, 15500.0]",https://es.wallapop.com/app/search?keywords=Alhambra&brand=Seat&latitude=41.224151&longitude=1.7255678&category_ids=100&distance=200000&min_year=2012&max_year=2018&max_km=200000&min_sale_price=7000&order_by=price_low_to_high,"[25900.0, 16990.0, 26990.0, 16990.0, 23546.0, 17990.0, 8700.0, 24991.0, 9300.0, 21500.0]",https://es.wallapop.com/app/search?keywords=Alhambra&brand=Seat&latitude=41.224151&longitude=1.7255678&category_ids=100&distance=200000&min_year=2012&max_year=2018&max_km=200000&order_by=most_relevance,"[16990.0, 26490.0, 15990.0]",https://es.wallapop.com/app/search?keywords=Alhambra%20flexicar&brand=Seat&latitude=41.224151&longitude=1.7255678&category_ids=100&distance=200000&min_year=2012&max_year=2018&max_km=200000,2025-01-11T12:09:50.006962
Volkswagen,Touran,2012/2018,Gasolina/Diésel,8000.0,13000.0,"[7500.0, 7999.0, 8500.0, 9000.0, 9000.0, 9000.0, 9200.0, 9500.0, 9500.0, 9500.0]",https://es.wallapop.com/app/search?keywords=Touran&brand=Volkswagen&latitude=41.224151&longitude=1.7255678&category_ids=100&distance=200000&min_year=2012&max_year=2018&max_km=200000&min_sale_price=7349&order_by=price_low_to_high,"[9950.0, 10500.0, 10500.0, 12800.0, 9000.0, 19900.0, 25990.0, 11999.0, 22000.0, 13500.0]",https://es.wallapop.com/app/search?keywords=Touran&brand=Volkswagen&latitude=41.224151&longitude=1.7255678&category_ids=100&distance=200000&min_year=2012&max_year=2018&max_km=200000&order_by=most_relevance,"[13690.0, 17990.0, 16990.0, 21990.0, 17890.0, 19980.0, 17290.0, 17290.0, 15980.0, 11780.0]",https://es.wallapop.com/app/search?keywords=Touran%20flexicar&brand=Volkswagen&latitude=41.224151&longitude=1.7255678&category_ids=100&distance=200000&min_year=2012&max_year=2018&max_km=200000,2025-01-11T12:10:16.157004
Ford,Fiesta,2012/2019,Gasolina,5000.0,8000.0,"[4590.0, 5000.0, 5000.0, 5000.0, 5500.0, 5600.0, 5700.0, 5700.0, 5900.0, 5950.0]",https://es.wallapop.com/app/search?keywords=Fiesta&brand=Ford&latitude=41.224151&longitude=1.7255678&category_ids=100&distance=200000&min_year=2012&max_year=2019&max_km=200000&engine=gasoline&min_sale_price=4550&order_by=price_low_to_high,"[6500.0, 12682.0, 6200.0, 6900.0, 14990.0, 6000.0, 14000.0, 11809.0, 5950.0, 8990.0]",https://es.wallapop.com/app/search?keywords=Fiesta&brand=Ford&latitude=41.224151&longitude=1.7255678&category_ids=100&distance=200000&min_year=2012&max_year=2019&max_km=200000&engine=gasoline&order_by=most_relevance,"[9490.0, 10490.0, 12990.0, 10490.0, 12990.0, 19490.0, 9390.0, 9790.0, 9790.0, 12590.0]",https://es.wallapop.com/app/search?keywords=Fiesta%20flexicar&brand=Ford&latitude=41.224151&longitude=1.7255678&category_ids=100&distance=200000&min_year=2012&max_year=2019&max_km=200000&engine=gasoline,2025-01-11T12:10:40.929490
Jeep,Renegade,2015/2020,Gasolina/Diésel,9000.0,13000.0,"[10000.0, 11950.0, 11990.0, 11990.0, 12290.0, 12990.0, 12990.0, 12990.0, 12990.0, 12990.0]",https://es.wallapop.com/app/search?keywords=Renegade&brand=Jeep&latitude=41.224151&longitude=1.7255678&category_ids=100&distance=200000&min_year=2015&max_year=2020&max_km=200000&min_sale_price=7699&order_by=price_low_to_high,"[16500.0, 18800.0, 12990.0, 25900.0, 18500.0, 20990.0, 15490.0, 25900.0, 15690.0, 13990.0]",https://es.wallapop.com/app/search?keywords=Renegade&brand=Jeep&latitude=41.224151&longitude=1.7255678&category_ids=100&distance=200000&min_year=2015&max_year=2020&max_km=200000&order_by=most_relevance,"[16900.0, 13980.0, 13490.0, 15490.0, 15490.0, 13490.0, 13990.0, 13990.0, 12990.0, 12990.0]",https://es.wallapop.com/app/search?keywords=Renegade%20flexicar&brand=Jeep&latitude=41.224151&longitude=1.7255678&category_ids=100&distance=200000&min_year=2015&max_year=2020&max_km=200000,2025-01-11T12:11:04.975369
Suzuki,Vitara,2015/2020,Gasolina/Diésel,8000.0,12000.0,"[8500.0, 12500.0, 12800.0, 12990.0, 12990.0, 13490.0, 13490.0, 13990.0, 13990.0, 14290.0]",https://es.wallapop.com/app/search?keywords=Vitara&brand=Suzuki&latitude=41.224151&longitude=1.7255678&category_ids=100&distance=200000&min_year=2015&max_year=2020&max_km=200000&min_sale_price=7000&order_by=price_low_to_high,"[14890.0, 14990.0, 14290.0, 15637.0, 14990.0, 13990.0, 17990.0, 12990.0, 12990.0, 12500.0]",https://es.wallapop.com/app/search?keywords=Vitara&brand=Suzuki&latitude=41.224151&longitude=1.7255678&category_ids=100&distance=200000&min_year=2015&max_year=2020&max_km=200000&order_by=most_relevance,"[13990.0, 12990.0, 12990.0, 16990.0, 14990.0, 13990.0]",https://es.wallapop.com/app/search?keywords=Vitara%20flexicar&brand=Suzuki&latitude=41.224151&longitude=1.7255678&category_ids=100&distance=200000&min_year=2015&max_year=2020&max_km=200000,2025-01-11T12:11:31.576926
Toyota,Yaris,2006/2014,Gasolina/Diésel,4000.0,6000.0,"[3600.0, 3750.0, 3800.0, 3998.0, 4000.0, 4000.0, 4200.0, 4300.0, 4700.0, 4900.0]",https://es.wallapop.com/app/search?keywords=Yaris&brand=Toyota&latitude=41.224151&longitude=1.7255678&category_ids=100&distance=200000&min_year=2006&max_year=2014&max_km=200000&min_sale_price=3500&order_by=price_low_to_high,"[10499.0, 8500.0, 7800.0, 10999.0, 7800.0, 9500.0, 4200.0, 4000.0, 7800.0, 6390.0]",https://es.wallapop.com/app/search?keywords=Yaris&brand=Toyota&latitude=41.224151&longitude=1.7255678&category_ids=100&distance=200000&min_year=2006&max_year=2014&max_km=200000&order_by=most_relevance,[8490.0],https://es.wallapop.com/app/search?keywords=Yaris%20flexicar&brand=Toyota&latitude=41.224151&longitude=1.7255678&category_ids=100&distance=200000&min_year=2006&max_year=2014&max_km=200000,2025-01-11T12:11:58.522147
